date,sentiment_score
2013-04-01,-0.018071456
2013-04-02,-0.018071456
2013-04-03,-0.018071456
2013-04-04,-0.018071456
2013-04-05,0.017407373
2013-04-06,0.017407373
2013-04-07,0.017407373
2013-04-08,0.017407373
2013-04-09,0.017407373
2013-04-10,0.066580795
2013-04-11,0.066580795
2013-04-12,0.066580795
2013-04-13,-0.055821951766666676
2013-04-14,-0.055821951766666676
2013-04-15,0.18779448733333334
2013-04-16,0.544046955
2013-04-17,0.034086519866666665
2013-04-18,-0.06863066701666666
2013-04-19,0.0248351027
2013-04-20,0.0248351027
2013-04-21,0.0248351027
2013-04-22,-0.0032011963999999996
2013-04-23,0.1426670262666667
2013-04-24,-0.078546864
2013-04-25,0.12289413225000001
2013-04-26,-0.5336702563333334
2013-04-27,-0.5336702563333334
2013-04-28,-0.5336702563333334
2013-04-29,-0.3021753494142857
2013-04-30,-0.3021753494142857
2013-05-01,-0.03304755892857143
2013-05-02,-0.16540203425
2013-05-03,0.029819853428571446
2013-05-04,-0.005518480000000002
2013-05-05,0.07736608112499999
2013-05-06,0.061469900000000015
2013-05-07,0.04952582844444444
2013-05-08,0.14183387166666664
2013-05-09,-0.06216822558749999
2013-05-10,0.005908286571428576
2013-05-11,-0.2482545393333333
2013-05-12,-0.47018449
2013-05-13,-0.07653926233333333
2013-05-14,0.04390806399999999
2013-05-15,0.04195404017222223
2013-05-16,0.03850212312727272
2013-05-17,0.12750212155555554
2013-05-18,-0.17805965190000003
2013-05-19,-0.0698784755
2013-05-20,-0.017915073200000006
2013-05-21,0.152246776
2013-05-22,-0.20863063144444446
2013-05-23,-0.08538346297444444
2013-05-24,-0.17596146042857144
2013-05-25,-0.20842147925
2013-05-26,-0.0050302450000000165
2013-05-27,0.4141405933333333
2013-05-28,-0.00801405024444444
2013-05-29,-0.059443440699999996
2013-05-30,0.041231461833333344
2013-05-31,0.2335960147777777
2013-06-01,-0.25141616175
2013-06-02,-0.135447300125
2013-06-03,0.2034821661555556
2013-06-04,-0.10749768963636361
2013-06-05,0.03165074240000003
2013-06-06,0.11793256560000001
2013-06-07,-0.033559442555555555
2013-06-08,0.0606171395
2013-06-09,0.6889103666666667
2013-06-10,-0.07256422672727272
2013-06-11,0.09745391327777779
2013-06-12,0.147453906125
2013-06-13,-0.25986307775
2013-06-14,-0.07200794777
2013-06-15,-0.09225011500000002
2013-06-16,0.30686540999999995
2013-06-17,-0.12274311757142857
2013-06-18,0.2781220394285714
2013-06-19,0.30569513511999996
2013-06-20,0.13006198275999997
2013-06-21,0.09119754116666666
2013-06-22,0.04949393633333333
2013-06-23,-0.2963578253333333
2013-06-24,-0.36892300425
2013-06-25,0.27273383342857144
2013-06-26,0.07420798545714287
2013-06-27,-0.4240969175
2013-06-28,-0.23221412666666666
2013-06-29,-0.350460088
2013-06-30,0.12978482
2013-07-01,0.08547887360000002
2013-07-02,0.15618276625000002
2013-07-03,0.17811480871000002
2013-07-04,-0.24605978039000004
2013-07-05,-0.04503407729999999
2013-07-06,0.05364553762499998
2013-07-07,0.201697703
2013-07-08,0.08641727306363635
2013-07-09,0.16577400954545457
2013-07-10,0.09714060326909092
2013-07-11,-0.14414167454545457
2013-07-12,0.12439937
2013-07-13,-0.009370714333333335
2013-07-14,-0.24843426600000001
2013-07-15,-0.021654784857142846
2013-07-16,0.361415761125
2013-07-17,0.019448542222222233
2013-07-18,-0.00816807805714285
2013-07-19,0.07731444979999999
2013-07-20,0.4353217710000001
2013-07-21,0.34735815100000006
2013-07-22,0.20412708399999996
2013-07-23,0.086554506
2013-07-24,0.05808485070000001
2013-07-25,-0.04680398575
2013-07-26,0.26592391666666665
2013-07-27,0.166545575
2013-07-28,0.38111247375
2013-07-29,-0.03749946845714288
2013-07-30,0.23221300740000003
2013-07-31,0.2306341771
2013-08-01,-0.30823108600000004
2013-08-02,0.22859920400000003
2013-08-03,0.3019118333333333
2013-08-04,-0.06722101084000001
2013-08-05,0.08052731922222223
2013-08-06,0.31112241
2013-08-07,0.07412839885714285
2013-08-08,0.15289554995714286
2013-08-09,0.4371331756666667
2013-08-10,0.14765473475
2013-08-11,-0.40486462
2013-08-12,-0.22619759316666666
2013-08-13,0.152070235
2013-08-14,0.07319081579999998
2013-08-15,0.332560102125
2013-08-16,-0.01922049554166666
2013-08-17,-0.20085666285
2013-08-18,0.013529991200000003
2013-08-19,-0.01057655933333331
2013-08-20,0.199242633675
2013-08-21,0.11939266322222222
2013-08-22,0.08608865014285715
2013-08-23,-0.08534034466666668
2013-08-24,-0.0761487018
2013-08-25,0.25375749235
2013-08-26,-0.25986912000000006
2013-08-27,0.07391448642272729
2013-08-28,-0.14689539184444447
2013-08-29,-0.16515825549999996
2013-08-30,0.26859612083333334
2013-08-31,-0.18026631425000006
2013-09-01,-0.07761546799999998
2013-09-02,-0.0026024803999999957
2013-09-03,0.1942409873333333
2013-09-04,0.18661304771428572
2013-09-05,0.050338468428571446
2013-09-06,0.013849290833333342
2013-09-07,0.3067150976
2013-09-08,0.06403655766666666
2013-09-09,0.048351061125
2013-09-10,-0.14161001233333334
2013-09-11,-0.10660895725714285
2013-09-12,-0.06520506766666663
2013-09-13,0.26269273725
2013-09-14,0.531748748
2013-09-15,-0.18413639399999998
2013-09-16,0.190439299
2013-09-17,0.3136007302857143
2013-09-18,-0.052276492428571415
2013-09-19,0.0018607923749999894
2013-09-20,-0.12098598981818184
2013-09-21,0.0798606285
2013-09-22,0.24587604125
2013-09-23,-0.15340511237499999
2013-09-24,0.14572650550000002
2013-09-25,-0.2404239992857143
2013-09-26,0.0649516224
2013-09-27,0.20613978419999998
2013-09-28,0.241666915
2013-09-29,-0.18771413799999997
2013-09-30,-0.08833729111111109
2013-10-01,0.31889903166666667
2013-10-02,0.019415665833333342
2013-10-03,0.30512623171428566
2013-10-04,-0.0043955662571428565
2013-10-05,-0.436680666
2013-10-06,-0.182327851125
2013-10-07,-0.009177629328000014
2013-10-08,0.20542628258181816
2013-10-09,0.11855583083333333
2013-10-10,-0.02314624933333337
2013-10-11,-0.12683132475
2013-10-12,0.23054857483333333
2013-10-13,0.3157531252
2013-10-14,0.074432905
2013-10-15,0.02414375242116666
2013-10-16,0.12691346285714286
2013-10-17,0.09388437757142858
2013-10-18,0.25236137457142854
2013-10-19,-0.41418411666666666
2013-10-20,-0.08583972599999998
2013-10-21,0.220418968
2013-10-22,-0.471780512375
2013-10-23,0.06470126408125
2013-10-24,0.014812785222222223
2013-10-25,-0.1390556376
2013-10-26,0.025386329247499992
2013-10-27,0.041853304425
2013-10-28,0.09173165408823528
2013-10-29,0.031421229258125
2013-10-30,-0.01485861107692308
2013-10-31,0.03843297999999999
2013-11-01,0.03312116538235294
2013-11-02,0.4918747462
2013-11-03,-0.15053942033333334
2013-11-04,0.066239215
2013-11-05,0.008663885363636365
2013-11-06,0.16708631737500002
2013-11-07,0.053525831894736836
2013-11-08,0.0941325845375
2013-11-09,-0.2733124314285714
2013-11-10,0.1678008151111111
2013-11-11,0.12421832713333333
2013-11-12,0.1639580004
2013-11-13,0.3498992657142857
2013-11-14,-0.011412681334375018
2013-11-15,-0.024691943473684207
2013-11-16,0.10485533569999998
2013-11-17,-0.09380149394999998
2013-11-18,-0.07959709423111112
2013-11-19,0.031954532449999996
2013-11-20,0.099165044588
2013-11-21,0.0768785659368421
2013-11-22,0.09195657235
2013-11-23,0.17665673185714287
2013-11-24,0.3083092614444445
2013-11-25,-0.06728963275
2013-11-26,0.04896525023749998
2013-11-27,0.16307788723333333
2013-11-28,-0.13445838715294114
2013-11-29,0.24684113245833336
2013-11-30,-0.06702732866666665
2013-12-01,0.048796479733333335
2013-12-02,-0.031556442388235295
2013-12-03,0.03331101259166667
2013-12-04,0.036712657481481496
2013-12-05,0.116724479625
2013-12-06,-0.14663063384615388
2013-12-07,-0.05686583776923078
2013-12-08,-0.012370301166666669
2013-12-09,0.014201737695833341
2013-12-10,0.02963331996333333
2013-12-11,-0.195676454624138
2013-12-12,0.05338863074800001
2013-12-13,-0.08422679121428571
2013-12-14,-0.04765086314000001
2013-12-15,0.05852543368666665
2013-12-16,0.10251298678333334
2013-12-17,0.04344799874999999
2013-12-18,0.044503784286400005
2013-12-19,-0.05412137622692308
2013-12-20,-0.06587133912285713
2013-12-21,0.1587242032142857
2013-12-22,0.32041047167807696
2013-12-23,0.10717424330400002
2013-12-24,0.004485798099999994
2013-12-25,-0.12305630033076918
2013-12-26,0.10615262779789474
2013-12-27,-0.06276889525999998
2013-12-28,0.07602479598749998
2013-12-29,0.11110617918000001
2013-12-30,0.05606386313199997
2013-12-31,-0.11704724247368421
2014-01-01,0.2592620145357143
2014-01-02,-0.019746757356521732
2014-01-03,0.03824893688333334
2014-01-04,0.04137622552
2014-01-05,0.12233773640000001
2014-01-06,-0.09480081773529411
2014-01-07,0.005670120181388889
2014-01-08,0.056928577256756756
2014-01-09,-0.05074114998857143
2014-01-10,-0.007174572300000007
2014-01-11,0.10384744138695653
2014-01-12,-0.012905148742857118
2014-01-13,0.03251587703225808
2014-01-14,0.07288839477964285
2014-01-15,0.1355080736974359
2014-01-16,0.00942663416764706
2014-01-17,0.11452613148275863
2014-01-18,-0.035399770631578946
2014-01-19,-0.023073791332857148
2014-01-20,0.11313919614705883
2014-01-21,-0.005003845460294126
2014-01-22,-0.024070527218749995
2014-01-23,-0.11355257618181819
2014-01-24,0.039151076448148144
2014-01-25,0.10695977484615386
2014-01-26,0.038469715701500005
2014-01-27,0.05125369126086956
2014-01-28,0.28805115924137936
2014-01-29,0.03554680363636365
2014-01-30,0.08286159370666667
2014-01-31,0.08061088519999998
2014-02-01,0.010962353742727284
2014-02-02,0.12926788735
2014-02-03,-0.06243559949032258
2014-02-04,-0.11650948169722221
2014-02-05,0.06815430498846155
2014-02-06,-0.014359055088888899
2014-02-07,0.07797202772
2014-02-08,0.07398466289999998
2014-02-09,-0.11106501140000001
2014-02-10,-0.06946518097714285
2014-02-11,-0.022935078281250004
2014-02-12,0.022917264258064493
2014-02-13,0.06680405740875
2014-02-14,-0.060443716436363634
2014-02-15,-0.07518481876470587
2014-02-16,0.10649395149999999
2014-02-17,-0.08049165038875002
2014-02-18,0.05603061834285715
2014-02-19,-0.07632122055162163
2014-02-20,-0.00019669050000000065
2014-02-21,0.0099967211014706
2014-02-22,0.11709585391666666
2014-02-23,0.15264500350526317
2014-02-24,-0.04618664406388888
2014-02-25,0.12035749797567567
2014-02-26,-0.04319880374166667
2014-02-27,0.03380501162972973
2014-02-28,0.009400987105517249
2014-03-01,-0.15874507078571432
2014-03-02,0.0007420568888888917
2014-03-03,0.101517965839
2014-03-04,0.09422513951842106
2014-03-05,-0.10663524394285714
2014-03-06,0.0038283110390624937
2014-03-07,0.048346736968750005
2014-03-08,0.026326369625714278
2014-03-09,-0.03355195610588233
2014-03-10,-0.09472269861666668
2014-03-11,0.09672344617142856
2014-03-12,0.13342142260975606
2014-03-13,0.06640402679411765
2014-03-14,0.02872647465526315
2014-03-15,0.2126766045
2014-03-16,-0.10889862590909093
2014-03-17,0.09160548672818183
2014-03-18,0.06947451595121952
2014-03-19,0.046326041465555565
2014-03-20,-0.025129170089473688
2014-03-21,0.13762344182368427
2014-03-22,-0.014541001312499986
2014-03-23,-0.023225891799999995
2014-03-24,-0.04969083406818184
2014-03-25,-0.10152851959791666
2014-03-26,-0.04164363006595748
2014-03-27,-0.0911968551375
2014-03-28,-0.1093626774827586
2014-03-29,0.022819208518750005
2014-03-30,0.13947350562777774
2014-03-31,0.034245544633333326
2014-04-01,0.08910935011904764
2014-04-02,0.09332027863333334
2014-04-03,0.010048409844999998
2014-04-04,0.057297673562499936
2014-04-05,0.0958836085
2014-04-06,-0.06561978293750002
2014-04-07,0.19375501956756758
2014-04-08,0.007049944371499986
2014-04-09,-5.347217142856596e-05
2014-04-10,-0.0028606827763157897
2014-04-11,0.019732548618181814
2014-04-12,0.07627971680666668
2014-04-13,0.02236119568750001
2014-04-14,-0.03375501208750001
2014-04-15,-0.07597182713500003
2014-04-16,0.12335628925531912
2014-04-17,0.01212505689
2014-04-18,0.007825178258536587
2014-04-19,0.004272467566666675
2014-04-20,0.28972467436428573
2014-04-21,0.03189564673030302
2014-04-22,0.05133925190425
2014-04-23,-0.11858534038863634
2014-04-24,0.06646830942244895
2014-04-25,0.032432783702702715
2014-04-26,-0.12949064037142857
2014-04-27,-0.066721164875
2014-04-28,0.05872294173289472
2014-04-29,0.016798869812500002
2014-04-30,-0.0239176548671
2014-05-01,0.017440483034210537
2014-05-02,0.12209746116756756
2014-05-03,-0.002966540682352953
2014-05-04,0.059395876764705875
2014-05-05,0.056670790483333344
2014-05-06,0.05670413436666667
2014-05-07,-0.007998854884375003
2014-05-08,0.02418293203513513
2014-05-09,-0.06919756297560976
2014-05-10,0.05100110979999999
2014-05-11,0.18087557828947373
2014-05-12,-0.007848246473636362
2014-05-13,-0.040827811361111105
2014-05-14,0.11971766966666667
2014-05-15,0.019740133070731716
2014-05-16,-0.013999603902380975
2014-05-17,-0.003406039133333335
2014-05-18,0.03614468862173912
2014-05-19,0.02939047148636365
2014-05-20,0.001590665690444442
2014-05-21,0.10292041570833332
2014-05-22,-0.018963671020408163
2014-05-23,0.08285927009685184
2014-05-24,0.11765488361111107
2014-05-25,-0.13367105645454547
2014-05-26,-0.00480989531200001
2014-05-27,0.08368583554680849
2014-05-28,0.09962406091951222
2014-05-29,-0.0025808119487179424
2014-05-30,0.056183708788888884
2014-05-31,0.015200884142857128
2014-06-01,-0.1605680779999999
2014-06-02,-0.0605822736544186
2014-06-03,0.05142841633333334
2014-06-04,-0.09135741965384615
2014-06-05,0.05999830846666665
2014-06-06,0.07935115122083336
2014-06-07,0.10973504727777778
2014-06-08,0.0211765928125
2014-06-09,0.08705158432888889
2014-06-10,-0.02256574362698113
2014-06-11,0.09102843701599998
2014-06-12,0.1012944278452381
2014-06-13,-0.053490047561111156
2014-06-14,-0.018208347423846163
2014-06-15,0.112885022375
2014-06-16,0.12357304307652944
2014-06-17,-0.08566746717560973
2014-06-18,0.024798037823499996
2014-06-19,-0.11001906919393939
2014-06-20,0.09518344376756756
2014-06-21,0.07875402225333332
2014-06-22,0.04486570700000002
2014-06-23,0.020127970693333334
2014-06-24,0.11069830404999996
2014-06-25,0.03667015476999998
2014-06-26,-0.06728460575000002
2014-06-27,0.004767350900512841
2014-06-28,0.017210209343750005
2014-06-29,0.032419968976470585
2014-06-30,0.041845120663500004
2014-07-01,0.03197727884375001
2014-07-02,0.04011810425555556
2014-07-03,0.08454259921578947
2014-07-04,-0.0522450995851852
2014-07-05,0.21084583132105264
2014-07-06,0.13275195242666668
2014-07-07,-0.05139119913214285
2014-07-08,-0.07437930401891893
2014-07-09,0.09567585525238095
2014-07-10,0.0018513692690475985
2014-07-11,0.059359599288461545
2014-07-12,0.03922788116666666
2014-07-13,0.23023024673333334
2014-07-14,-0.04290733312692307
2014-07-15,0.004163806378378395
2014-07-16,0.02641081035833332
2014-07-17,0.032175920216666674
2014-07-18,0.31083805284666666
2014-07-19,0.15234119363913043
2014-07-20,0.031745301362500006
2014-07-21,0.06226965174473684
2014-07-22,-0.03451009496666667
2014-07-23,0.03664679653375001
2014-07-24,0.007311920457692303
2014-07-25,0.051712218287499986
2014-07-26,-0.0162552670470588
2014-07-27,0.04765919769333334
2014-07-28,0.06901651633428571
2014-07-29,0.024700670487045443
2014-07-30,-0.0288186219906977
2014-07-31,0.022704879005263166
2014-08-01,0.06832685778235292
2014-08-02,-0.062063051999999994
2014-08-03,-0.05879284975909091
2014-08-04,0.12328270772758619
2014-08-05,-0.009631984812857134
2014-08-06,0.019018015509090897
2014-08-07,-0.05424169279870968
2014-08-08,0.136003995
2014-08-09,0.040241608058823534
2014-08-10,-0.07034030839375
2014-08-11,-0.039475583596774194
2014-08-12,-0.0016419503937499915
2014-08-13,0.071552917859375
2014-08-14,-0.134934155546875
2014-08-15,-0.07393542183964287
2014-08-16,-0.056266595375000006
2014-08-17,0.01964807236842105
2014-08-18,0.04101850932692308
2014-08-19,0.081845181
2014-08-20,0.06898984122333335
2014-08-21,0.22779211025925927
2014-08-22,-0.07346912626
2014-08-23,0.00697696728333333
2014-08-24,-0.11168499886666666
2014-08-25,0.05997934048275861
2014-08-26,0.012512927164864858
2014-08-27,0.1301653557777778
2014-08-28,-0.004586483956666657
2014-08-29,-0.16284035712413789
2014-08-30,-0.07724182444444445
2014-08-31,0.14791143388823533
2014-09-01,-0.09071013364482758
2014-09-02,0.01866042658999997
2014-09-03,-0.09464534424062501
2014-09-04,-0.11321139191481476
2014-09-05,0.007908707319230775
2014-09-06,0.16422845528181818
2014-09-07,-0.1237200482
2014-09-08,-0.0036825997321428667
2014-09-09,0.18415000433333334
2014-09-10,-0.0015369048000000059
2014-09-11,-0.0927707936242424
2014-09-12,-0.016142445952380954
2014-09-13,0.11104195425
2014-09-14,0.1113669620666666
2014-09-15,0.008590246988235292
2014-09-16,-0.0747311556131579
2014-09-17,0.009902597535897437
2014-09-18,-0.004286669114285707
2014-09-19,0.11748574975757571
2014-09-20,0.032717401764705896
2014-09-21,-0.11746583803809524
2014-09-22,0.16789561018157892
2014-09-23,0.01401782740868421
2014-09-24,0.11757497693548387
2014-09-25,-0.06600119484871796
2014-09-26,0.14890630470588237
2014-09-27,0.19515856989473682
2014-09-28,0.07465905922105265
2014-09-29,-0.018278223527272708
2014-09-30,0.09163059459574469
2014-10-01,0.08449165974285709
2014-10-02,0.03352905711578949
2014-10-03,0.022661511216216217
2014-10-04,0.12030195832499999
2014-10-05,-0.033371611105263155
2014-10-06,0.050436101284722215
2014-10-07,0.11078160539444443
2014-10-08,0.05279934056129031
2014-10-09,0.15589876788275858
2014-10-10,-0.06480260033710528
2014-10-11,-0.08726424666666666
2014-10-12,0.11199441929411764
2014-10-13,0.10542288812333336
2014-10-14,0.09839680802485715
2014-10-15,0.0074344100657894666
2014-10-16,0.15252361012903226
2014-10-17,0.07553930977560974
2014-10-18,-0.019234100407407414
2014-10-19,0.041867647825
2014-10-20,0.0556330559153846
2014-10-21,0.11120510005681818
2014-10-22,-0.10064323589999999
2014-10-23,-0.11363085517187498
2014-10-24,0.10904596990000003
2014-10-25,-0.06158228622444444
2014-10-26,-0.0006245594000000021
2014-10-27,-0.09255744775000004
2014-10-28,-0.028760246793548393
2014-10-29,-0.01998896536363639
2014-10-30,-0.04381024607264705
2014-10-31,0.09728323943243244
2014-11-01,-0.08746508318181817
2014-11-02,0.07067672890000001
2014-11-03,-0.04076915601470589
2014-11-04,0.023293205921212114
2014-11-05,-0.06365928653125
2014-11-06,0.06449176478166667
2014-11-07,-0.09586813730769231
2014-11-08,-0.111107946
2014-11-09,0.048198155080000006
2014-11-10,0.11718136200000003
2014-11-11,0.13032160243333332
2014-11-12,0.07259882398823528
2014-11-13,0.15971011855555556
2014-11-14,0.005201570353333342
2014-11-15,-0.02724171903157894
2014-11-16,0.11177200720000002
2014-11-17,0.00011043618181818335
2014-11-18,0.09036372785806451
2014-11-19,0.19083777174545458
2014-11-20,0.0017200842500000187
2014-11-21,0.015732769533333343
2014-11-22,0.022858263409090918
2014-11-23,0.0003698867142857223
2014-11-24,0.01313146692941178
2014-11-25,-0.04844756199210526
2014-11-26,0.06178930993947368
2014-11-27,0.15005231305312497
2014-11-28,0.012962547964285715
2014-11-29,-0.0006363408375000176
2014-11-30,0.10535578384149998
2014-12-01,-0.10640627792571429
2014-12-02,-0.05227544594285715
2014-12-03,0.0987214422121212
2014-12-04,0.06587316628249999
2014-12-05,-0.13862115812758619
2014-12-06,-0.061356138391304355
2014-12-07,0.2726219003452381
2014-12-08,0.0347228140969697
2014-12-09,0.050246198512195125
2014-12-10,0.018860170732432444
2014-12-11,-0.08544945310810811
2014-12-12,-0.01896113525806452
2014-12-13,0.10831765613000002
2014-12-14,-0.0905044581875
2014-12-15,-0.058025566759375
2014-12-16,0.11822268025365855
2014-12-17,0.07239378756451613
2014-12-18,-0.02099806011621621
2014-12-19,0.018173785911764724
2014-12-20,-0.12394829243333334
2014-12-21,0.12590492229599995
2014-12-22,0.14381913980769231
2014-12-23,0.2278653153461539
2014-12-24,0.016635877899999988
2014-12-25,0.0736894746352941
2014-12-26,-0.03368606724999999
2014-12-27,0.01706336702166667
2014-12-28,-0.14315019108000002
2014-12-29,-0.013091746768965518
2014-12-30,-0.0025218407592592497
2014-12-31,0.07152521496551723
2015-01-01,-0.16883464245823526
2015-01-02,0.05712133399333333
2015-01-03,-0.029244085151199983
2015-01-04,0.02526638648148149
2015-01-05,-0.11447193542142856
2015-01-06,-0.16777453002068968
2015-01-07,-0.09652215921111111
2015-01-08,-0.03228436759999999
2015-01-09,-0.06151339186645161
2015-01-10,0.14241495760000003
2015-01-11,0.11482182475
2015-01-12,-0.05294528849666668
2015-01-13,-0.06729587942571431
2015-01-14,0.028788991838709678
2015-01-15,0.19465328448461536
2015-01-16,0.03833881439705882
2015-01-17,0.0674334422631579
2015-01-18,0.082090767675
2015-01-19,0.16425177015599998
2015-01-20,-0.12916925750370367
2015-01-21,0.11649019990540538
2015-01-22,0.05807641440303028
2015-01-23,0.10208431257241378
2015-01-24,-0.01878672272222222
2015-01-25,-0.0063106481071428565
2015-01-26,0.007809457508571435
2015-01-27,0.06786803070000001
2015-01-28,0.03882468290277777
2015-01-29,0.03675915700000001
2015-01-30,0.06031000849090911
2015-01-31,-0.29031099928125
2015-02-01,0.10584355008695652
2015-02-02,-0.01615659153571428
2015-02-03,0.01868698109809524
2015-02-04,0.12155737676285713
2015-02-05,-0.009798037730769229
2015-02-06,0.17729698256818177
2015-02-07,-0.04995993946874999
2015-02-08,-0.10356026700823527
2015-02-09,-0.09456540364200001
2015-02-10,0.0260983468511628
2015-02-11,-0.15473250214545453
2015-02-12,0.00724388757222224
2015-02-13,-0.0022204733214285827
2015-02-14,-0.03581515024999996
2015-02-15,-0.0813251241387
2015-02-16,0.009912274335294109
2015-02-17,-0.004842090853714276
2015-02-18,-0.037082590228571397
2015-02-19,-0.06645623501463413
2015-02-20,0.07752721533333334
2015-02-21,0.23124375211764708
2015-02-22,0.08445634228500001
2015-02-23,-0.012979447681818185
2015-02-24,0.1790389792222222
2015-02-25,0.0010457103439024422
2015-02-26,-0.10406443123684211
2015-02-27,0.00549587514285715
2015-02-28,0.04582406411111111
2015-03-01,0.14433171405882353
2015-03-02,0.1554054614857143
2015-03-03,0.2121759835411765
2015-03-04,-0.10383476300000001
2015-03-05,-0.057413111115625
2015-03-06,0.09013946791666666
2015-03-07,0.011105891599999994
2015-03-08,-0.2533224571111111
2015-03-09,-0.024955631777777793
2015-03-10,-0.029436649818500017
2015-03-11,-0.18271937601666666
2015-03-12,0.03399795289714285
2015-03-13,-0.1416946381941176
2015-03-14,0.02721247568750001
2015-03-15,0.0682571214736842
2015-03-16,-0.006741411190487798
2015-03-17,0.0542471110625
2015-03-18,-0.09404182665517243
2015-03-19,0.014777960402777787
2015-03-20,0.0865126088242424
2015-03-21,-0.04350760992857143
2015-03-22,-0.07239016489411765
2015-03-23,0.015942955097837823
2015-03-24,-0.09672563442105267
2015-03-25,-0.12180688232285719
2015-03-26,0.06634865065472223
2015-03-27,-0.04018405111764708
2015-03-28,0.1032136752142857
2015-03-29,-0.14350309549999998
2015-03-30,-0.012320670032142846
2015-03-31,-0.016878016661290338
2015-04-01,-0.04136025764285715
2015-04-02,0.18382283393333335
2015-04-03,-0.07041648146428571
2015-04-04,0.11858962292266666
2015-04-05,0.12081509776363636
2015-04-06,-0.13530218330416668
2015-04-07,0.024827551785714292
2015-04-08,-0.07036360266852942
2015-04-09,0.010344196850000011
2015-04-10,0.04955341266666669
2015-04-11,0.18099270257142858
2015-04-12,0.0560876976
2015-04-13,0.0698084534638889
2015-04-14,0.03611881164374999
2015-04-15,0.056542222550000014
2015-04-16,-0.02238391483142857
2015-04-17,-0.10753811742972974
2015-04-18,-0.0009444866666666595
2015-04-19,0.1507420872856666
2015-04-20,0.05692049079705881
2015-04-21,-0.004288575908857196
2015-04-22,0.05852677946756097
2015-04-23,-0.03396581179767568
2015-04-24,-0.0035866860718749977
2015-04-25,-0.03188886926666666
2015-04-26,0.06952168232608695
2015-04-27,0.0649428283125
2015-04-28,-0.017706385524999996
2015-04-29,-0.11231906969999997
2015-04-30,0.11623680411935486
2015-05-01,-0.010630371472222226
2015-05-02,0.10202639149166666
2015-05-03,-0.1046972218125
2015-05-04,0.06687348359444444
2015-05-05,0.05583330216260869
2015-05-06,-0.15191027174499996
2015-05-07,-0.272575721631579
2015-05-08,0.13806531247368414
2015-05-09,0.07183723458333333
2015-05-10,0.2706979369444445
2015-05-11,0.12990232345454544
2015-05-12,-0.055312684185217405
2015-05-13,0.046419246425
2015-05-14,0.12601553457687498
2015-05-15,-0.02720190832258065
2015-05-16,-0.17683434047058824
2015-05-17,0.006229885360000012
2015-05-18,-0.12122845266349999
2015-05-19,-0.01136426978026315
2015-05-20,-0.0547490203888889
2015-05-21,-0.08248259968055556
2015-05-22,-0.04815821109081083
2015-05-23,0.18940883781818185
2015-05-24,0.0014594214052631583
2015-05-25,0.14789447616060605
2015-05-26,-0.12109429530000006
2015-05-27,0.026497668777499993
2015-05-28,0.1998809531545714
2015-05-29,0.11900013891944446
2015-05-30,-0.17133755087058822
2015-05-31,0.05022727625652173
2015-06-01,-0.08496846919233333
2015-06-02,0.0843028345142857
2015-06-03,0.145812562225
2015-06-04,-0.09977252539534885
2015-06-05,0.006346247008108127
2015-06-06,0.050734043133333344
2015-06-07,0.1351748405809524
2015-06-08,-0.04527999133333334
2015-06-09,0.06547092876279069
2015-06-10,-0.0026944418174999923
2015-06-11,-0.02790922320904762
2015-06-12,-0.046029688803421065
2015-06-13,0.028380692599999993
2015-06-14,0.08962632407307694
2015-06-15,0.08084847672368421
2015-06-16,-0.006568853186046518
2015-06-17,0.03691035208510639
2015-06-18,0.03515205066800001
2015-06-19,0.05065381423925001
2015-06-20,0.03637925827499999
2015-06-21,0.006522581737499996
2015-06-22,0.09563688862204547
2015-06-23,0.019735108117500007
2015-06-24,0.030308409645200013
2015-06-25,0.0836247485666667
2015-06-26,0.032166918794594615
2015-06-27,-0.06681310695333333
2015-06-28,0.09917088533125
2015-06-29,-0.09080647806285715
2015-06-30,0.0204102885128205
2015-07-01,0.04029248156405405
2015-07-02,0.06281781299999997
2015-07-03,0.01629479538461539
2015-07-04,0.08035420419999997
2015-07-05,-0.041744777279166645
2015-07-06,-0.036451251018292684
2015-07-07,-0.02664094996744186
2015-07-08,-0.06420804776595743
2015-07-09,0.05244168642325585
2015-07-10,0.12439481220681815
2015-07-11,-0.06733952163157894
2015-07-12,0.012961509458333338
2015-07-13,0.04422094480909091
2015-07-14,0.0927757500897436
2015-07-15,-0.07196550798733331
2015-07-16,0.010129987399534903
2015-07-17,-0.14409921887567562
2015-07-18,0.16320427265
2015-07-19,-0.11709954282608699
2015-07-20,-0.0995274171780488
2015-07-21,0.007996985197674424
2015-07-22,0.050850020250000016
2015-07-23,0.03408517305500001
2015-07-24,0.047823192852631584
2015-07-25,-0.06370894229473684
2015-07-26,-0.06282137699545452
2015-07-27,0.07941507923749999
2015-07-28,0.04027307097837839
2015-07-29,0.07821514500000004
2015-07-30,0.09226141456051283
2015-07-31,0.016565858120000006
2015-08-01,0.06511402418749998
2015-08-02,0.0013533391818181793
2015-08-03,0.13070856662619046
2015-08-04,0.07252843654324323
2015-08-05,0.05128003253609755
2015-08-06,0.16541852954146344
2015-08-07,0.04244217041860466
2015-08-08,-0.011771236478571432
2015-08-09,0.19690473087727273
2015-08-10,-0.02641230796829268
2015-08-11,0.11895190338249999
2015-08-12,0.15526858810731708
2015-08-13,0.06550620415
2015-08-14,0.04453994430000001
2015-08-15,0.10776154853333336
2015-08-16,0.06188615394583332
2015-08-17,-0.05574771380645161
2015-08-18,0.0444889128375
2015-08-19,-0.010771560228571425
2015-08-20,-0.025691742281249992
2015-08-21,0.13564907762121212
2015-08-22,0.022325715617647054
2015-08-23,-0.01344012880499999
2015-08-24,-0.13420197016666663
2015-08-25,0.04001832442424243
2015-08-26,-0.13692244557741937
2015-08-27,0.025859220832142867
2015-08-28,0.050511720266666685
2015-08-29,-0.21158300330000004
2015-08-30,-0.06415516716666668
2015-08-31,-0.030460723678171427
2015-09-01,-0.05638651734516128
2015-09-02,-0.0035183668259259233
2015-09-03,-0.16209896718125
2015-09-04,0.026124682772727267
2015-09-05,0.11590864063636362
2015-09-06,0.10244586113333334
2015-09-07,-0.005073783084375009
2015-09-08,0.03437326641740541
2015-09-09,-0.003114375100000004
2015-09-10,0.062220793906666676
2015-09-11,-0.08707286419384616
2015-09-12,0.18663320418181817
2015-09-13,-0.009834833311111112
2015-09-14,0.15776546042857142
2015-09-15,0.037309779272727286
2015-09-16,-0.1144519650914815
2015-09-17,-0.12033545626086957
2015-09-18,-0.12438306954545456
2015-09-19,0.12966339699999999
2015-09-20,-0.03585159355555554
2015-09-21,-0.06393482368055556
2015-09-22,-0.012630106965909103
2015-09-23,0.05108440733333333
2015-09-24,-0.06560118769333335
2015-09-25,0.07747778459393939
2015-09-26,0.09453420649285715
2015-09-27,-0.12608478780555554
2015-09-28,-0.05129520904076923
2015-09-29,0.10502387510810811
2015-09-30,0.082991345015625
2015-10-01,0.12073968123705887
2015-10-02,0.08047831352258063
2015-10-03,-0.04226202754166667
2015-10-04,-0.002583353494736841
2015-10-05,0.12908546214062502
2015-10-06,-0.08909802806969698
2015-10-07,0.14159325547222218
2015-10-08,0.08407279383333334
2015-10-09,0.037439649413235306
2015-10-10,-0.27257145017777773
2015-10-11,-0.09087325713333334
2015-10-12,-0.05864177687575757
2015-10-13,-0.0758672439548387
2015-10-14,0.0366654896969697
2015-10-15,-0.07561559884848484
2015-10-16,-0.05099222290967741
2015-10-17,-0.009962033400000006
2015-10-18,0.015894165562499986
2015-10-19,-0.1610703373981081
2015-10-20,0.029697935733333333
2015-10-21,-0.01851279935000003
2015-10-22,-0.02427208811388888
2015-10-23,0.05334834431944446
2015-10-24,0.0385651185
2015-10-25,0.037942773964999996
2015-10-26,-0.016414658250000016
2015-10-27,0.04959157782315787
2015-10-28,0.09883968868714285
2015-10-29,0.1754271366452174
2015-10-30,-0.12515324955882354
2015-10-31,0.04145728917692308
2015-11-01,-0.052880196117647056
2015-11-02,0.048445928215588206
2015-11-03,0.10239290807179488
2015-11-04,0.0003604723931034455
2015-11-05,0.069795220127027
2015-11-06,0.17074032499062503
2015-11-07,0.07089023416666666
2015-11-08,0.1437967376930435
2015-11-09,-0.028457734084375005
2015-11-10,0.14647719118421057
2015-11-11,0.016558387515384607
2015-11-12,-0.08180362684285716
2015-11-13,-0.02332497184516131
2015-11-14,0.009109959999999986
2015-11-15,0.04330755288888887
2015-11-16,0.04937453880484848
2015-11-17,-0.10399649862790697
2015-11-18,-0.015014252651578951
2015-11-19,-0.09238982132352941
2015-11-20,0.08844204412500001
2015-11-21,0.09447837700000003
2015-11-22,-0.12125743699565215
2015-11-23,0.11119296178464287
2015-11-24,-0.06353798936344827
2015-11-25,0.08043816892702704
2015-11-26,0.00201893755555556
2015-11-27,0.08404147521428572
2015-11-28,0.23871658260526313
2015-11-29,0.04640369934782609
2015-11-30,0.05956277713414633
2015-12-01,0.1777701880333334
2015-12-02,-0.13539742736562496
2015-12-03,-0.10465330796000001
2015-12-04,0.09413631804516127
2015-12-05,-0.02703222411764704
2015-12-06,-0.21632871700000003
2015-12-07,-0.022573431493749994
2015-12-08,-0.02088715690487804
2015-12-09,0.06514476949032258
2015-12-10,-0.011581952008108104
2015-12-11,0.03278045498484846
2015-12-12,-0.20933216002500002
2015-12-13,-0.07818501092
2015-12-14,0.02298466123605263
2015-12-15,-0.010752364404761919
2015-12-16,-0.05476122432352941
2015-12-17,0.007028419745405398
2015-12-18,0.1117258871
2015-12-19,0.15043854905882353
2015-12-20,0.0015332914909091035
2015-12-21,0.12899942210344828
2015-12-22,0.1033436389117647
2015-12-23,0.08271797647222223
2015-12-24,0.04865839286538462
2015-12-25,0.1415402837
2015-12-26,-0.1295539510111111
2015-12-27,-0.09878996417222224
2015-12-28,-0.22002463612903225
2015-12-29,-0.016066386000000012
2015-12-30,-0.1546845091166667
2015-12-31,0.049098482000000006
2016-01-01,-0.1899424309285714
2016-01-02,0.1404667309583333
2016-01-03,-0.021164337081250005
2016-01-04,-0.27256934716
2016-01-05,0.12062367235945948
2016-01-06,0.09949310065280001
2016-01-07,-0.03137961274285716
2016-01-08,0.05903901718076923
2016-01-09,-0.004430871923076927
2016-01-10,-0.053331257714285714
2016-01-11,-0.08068610502222223
2016-01-12,-0.04177044572727271
2016-01-13,0.024484225918604663
2016-01-14,-0.023615935039999977
2016-01-15,0.08728681645454545
2016-01-16,0.08314437865000002
2016-01-17,-0.038388704740740714
2016-01-18,0.01665829805
2016-01-19,-0.02341220547368418
2016-01-20,-0.13112567311386356
2016-01-21,0.07359305654871792
2016-01-22,0.11818911509756096
2016-01-23,0.1273203862272727
2016-01-24,0.015837367666666668
2016-01-25,0.0028426576805555596
2016-01-26,0.030665078557499996
2016-01-27,0.02959233879999999
2016-01-28,0.041950403878947384
2016-01-29,0.060221195366666674
2016-01-30,-0.08905147753333333
2016-01-31,0.07131900017000001
2016-02-01,0.18194566575000004
2016-02-02,-0.031435821620666674
2016-02-03,0.09169828578048779
2016-02-04,-0.03978414598437499
2016-02-05,0.045670818966666665
2016-02-06,0.08427171531428572
2016-02-07,-0.13023168158823528
2016-02-08,0.056606600199999996
2016-02-09,0.04021037192812501
2016-02-10,0.04873183754615384
2016-02-11,0.0812261976
2016-02-12,-0.1466033655142857
2016-02-13,-0.1295387376173333
2016-02-14,-0.06141352429411768
2016-02-15,-0.060076197515384636
2016-02-16,-0.026880307688235294
2016-02-17,0.0673090876888889
2016-02-18,0.022195178814285718
2016-02-19,0.07485123541935484
2016-02-20,0.14419309943043476
2016-02-21,0.11149793151739129
2016-02-22,-0.013235546191176463
2016-02-23,0.21690970030810808
2016-02-24,-0.11024272465641029
2016-02-25,0.12715752658571425
2016-02-26,0.044629994594594595
2016-02-27,0.07732522913529412
2016-02-28,-0.017725110600000003
2016-02-29,0.08254137666297294
2016-03-01,-0.053945815375000004
2016-03-02,0.2109613154216216
2016-03-03,0.02403962785128205
2016-03-04,0.042768535692307715
2016-03-05,-0.11102802142857142
2016-03-06,0.18629522193157896
2016-03-07,-0.04050048928571428
2016-03-08,-0.05848744243783783
2016-03-09,-0.04757059982972974
2016-03-10,0.12411001146829269
2016-03-11,-0.04092228539729728
2016-03-12,-0.12154329813043477
2016-03-13,0.1942325130388889
2016-03-14,0.012147168162499994
2016-03-15,-0.1390816710882353
2016-03-16,-0.13367568718333334
2016-03-17,-0.017749253929411752
2016-03-18,-0.17795291438702698
2016-03-19,-0.10393609946249999
2016-03-20,0.06595992850526317
2016-03-21,0.020006356877777767
2016-03-22,0.13975022785897437
2016-03-23,-0.05170169765951217
2016-03-24,-0.03551436407647057
2016-03-25,0.012625526906250014
2016-03-26,0.03916152953846152
2016-03-27,-0.02604843360500001
2016-03-28,0.07705199236511627
2016-03-29,0.1810458204923077
2016-03-30,0.011852092607692311
2016-03-31,0.025175256923076938
2016-04-01,0.09590602594772726
2016-04-02,0.04553123568421053
2016-04-03,0.02141393607692308
2016-04-04,0.12650850493513513
2016-04-05,0.03957486147843137
2016-04-06,-0.05379506967567568
2016-04-07,-0.05527578596969696
2016-04-08,0.00015185809523810256
2016-04-09,-0.15512420690909093
2016-04-10,0.15656872939166666
2016-04-11,0.11512704904545457
2016-04-12,0.04747348693636362
2016-04-13,-0.005014337148936166
2016-04-14,-0.12458358616363639
2016-04-15,0.029947920314285698
2016-04-16,-0.06393995226666667
2016-04-17,-0.06361695019130435
2016-04-18,0.01938315737619047
2016-04-19,0.03982109077073171
2016-04-20,0.008441197363636367
2016-04-21,0.014313440427777768
2016-04-22,0.06628195981421053
2016-04-23,-0.06305286045294116
2016-04-24,-0.12811369858000002
2016-04-25,-0.018130583275510214
2016-04-26,0.095218963225
2016-04-27,0.02381428884
2016-04-28,0.10439573223404257
2016-04-29,0.05847303779761905
2016-04-30,-0.091383242875
2016-05-01,0.02676173138518519
2016-05-02,-0.029035120748085116
2016-05-03,-0.09260453641627907
2016-05-04,-0.019625601557499994
2016-05-05,-0.02983491422093022
2016-05-06,-0.0015256581790697675
2016-05-07,-0.018528366944444447
2016-05-08,0.13724556025
2016-05-09,0.17549077282352937
2016-05-10,-0.018219317737837838
2016-05-11,0.004383240504651161
2016-05-12,-0.028658624925
2016-05-13,-0.04193021882631579
2016-05-14,-0.1241586274068
2016-05-15,-0.0023426114857143117
2016-05-16,-0.027475430856521734
2016-05-17,0.028383251282926833
2016-05-18,-0.10649701929487182
2016-05-19,0.02594672280697673
2016-05-20,0.08851958537900002
2016-05-21,0.006232655000000007
2016-05-22,-0.1290671053190476
2016-05-23,-0.02859044244736842
2016-05-24,-0.0231624781
2016-05-25,-0.028060922378571444
2016-05-26,0.02973920982842105
2016-05-27,-0.07296492033157896
2016-05-28,0.00400374064761905
2016-05-29,0.12462058363839999
2016-05-30,0.016710700119354837
2016-05-31,-0.014654628148780486
2016-06-01,-0.0552861688071111
2016-06-02,-0.04961754832636365
2016-06-03,-0.02158122375853659
2016-06-04,-0.14638301026666664
2016-06-05,0.14170239727826087
2016-06-06,-0.05791174691428574
2016-06-07,0.1299011758333333
2016-06-08,0.21605159399999999
2016-06-09,0.09462355699499998
2016-06-10,0.055961980327272724
2016-06-11,-0.045490217869230756
2016-06-12,-0.08246070382352941
2016-06-13,-0.0341986308512195
2016-06-14,-0.0025868364683720975
2016-06-15,-0.14392953964047614
2016-06-16,0.08693201026470587
2016-06-17,-0.07651470302954543
2016-06-18,0.11866970647826088
2016-06-19,0.03244768333333334
2016-06-20,0.03155866602222222
2016-06-21,-0.05153703706511628
2016-06-22,0.0900099682857143
2016-06-23,0.00016512261111112245
2016-06-24,-0.030314803847222224
2016-06-25,0.01343906247368421
2016-06-26,0.08192144867500001
2016-06-27,-0.015811431577142855
2016-06-28,-0.0047919968355555525
2016-06-29,-0.055611644717948716
2016-06-30,0.01785601796000001
2016-07-01,-0.02991849986999999
2016-07-02,0.08835618266086956
2016-07-03,-0.026088158900000002
2016-07-04,0.03991538771923078
2016-07-05,0.0038798700658536477
2016-07-06,0.11958797664999998
2016-07-07,-0.029879453793571417
2016-07-08,-0.15636819272380956
2016-07-09,-0.072194445875
2016-07-10,0.18483721749999998
2016-07-11,-0.00929421884047619
2016-07-12,0.13675085270944443
2016-07-13,0.05484801068421053
2016-07-14,0.06926754860833333
2016-07-15,0.025889413617647055
2016-07-16,0.08665513728571432
2016-07-17,-0.1443996173173913
2016-07-18,-0.10587155732368425
2016-07-19,-0.05547317730204082
2016-07-20,0.014812568597560992
2016-07-21,0.06601456499761904
2016-07-22,-0.05643023088571428
2016-07-23,-0.04000801666666667
2016-07-24,-0.08662718408666666
2016-07-25,0.053872485411428576
2016-07-26,0.02732138306382979
2016-07-27,0.04151970440425533
2016-07-28,0.007605362609756091
2016-07-29,-0.013577419266666673
2016-07-30,0.002301177052631577
2016-07-31,0.041784533023809516
2016-08-01,-0.012625553173750002
2016-08-02,0.06291905642391304
2016-08-03,0.09433158751951219
2016-08-04,0.05933431479347827
2016-08-05,0.07835207968428572
2016-08-06,-0.02320087607021738
2016-08-07,-0.00438169793636363
2016-08-08,0.04801226740421053
2016-08-09,-0.006415176816129024
2016-08-10,0.14125527677999997
2016-08-11,-0.04861761082093022
2016-08-12,-0.02091467100000002
2016-08-13,0.014079116159999988
2016-08-14,0.20563700725000003
2016-08-15,0.11556170059148939
2016-08-16,-0.020345745054054044
2016-08-17,0.10453945196833332
2016-08-18,0.0006268420404761996
2016-08-19,-0.04392694326410257
2016-08-20,-0.0716368077
2016-08-21,0.10113595224347828
2016-08-22,0.15943872895816327
2016-08-23,0.020978897587804884
2016-08-24,0.031866494464285716
2016-08-25,0.08813318119111109
2016-08-26,0.030459201042894745
2016-08-27,-0.15530253972222224
2016-08-28,0.15254707546296298
2016-08-29,0.13100249129787234
2016-08-30,-0.01616895113589744
2016-08-31,0.01813093945263158
2016-09-01,-0.029317568458648642
2016-09-02,0.053488247156249995
2016-09-03,-0.12894140688095238
2016-09-04,0.09710643729166667
2016-09-05,0.1321706613529412
2016-09-06,0.037547459785365854
2016-09-07,0.06124564385488373
2016-09-08,0.06745093543243243
2016-09-09,0.05208690260882354
2016-09-10,0.04024163082608696
2016-09-11,0.07588953133333332
2016-09-12,0.1143200710388889
2016-09-13,0.04351332833846155
2016-09-14,-0.03294709733571429
2016-09-15,-0.07862205855312501
2016-09-16,0.09395210987764709
2016-09-17,0.05658724365000001
2016-09-18,0.010365960988461525
2016-09-19,-0.0028985269605263067
2016-09-20,0.04712089753636362
2016-09-21,0.1455825337216217
2016-09-22,0.13271368817538465
2016-09-23,0.04051096659459459
2016-09-24,0.18925569710555556
2016-09-25,0.08573215881818182
2016-09-26,-0.14475849627575757
2016-09-27,0.09717131877906977
2016-09-28,0.07131579965142856
2016-09-29,0.05803285475641026
2016-09-30,0.10947472436341463
2016-10-01,0.14752407457142858
2016-10-02,-0.018615882874999996
2016-10-03,0.09812801014130437
2016-10-04,-0.029852231547714294
2016-10-05,0.11504416879090908
2016-10-06,0.024781173641025635
2016-10-07,0.030945713546666656
2016-10-08,0.11790113123529411
2016-10-09,0.04002125021739131
2016-10-10,-0.035364206983333334
2016-10-11,-0.09684992438095244
2016-10-12,-0.02402537986384616
2016-10-13,0.042913861513199994
2016-10-14,0.13348300560114285
2016-10-15,-0.007812901184210517
2016-10-16,-0.05032381193600001
2016-10-17,-0.035430921704545454
2016-10-18,0.06721336932499997
2016-10-19,0.1803165701777778
2016-10-20,0.047903528625581386
2016-10-21,-0.04794290728125001
2016-10-22,-0.10106752700000002
2016-10-23,0.0034833243600000084
2016-10-24,0.13316329668440002
2016-10-25,0.022561173125999992
2016-10-26,0.027813414420408133
2016-10-27,-0.02592327987414633
2016-10-28,-0.05288547193023256
2016-10-29,-0.078896636488
2016-10-30,-0.15967473703846155
2016-10-31,0.0723030402282051
2016-11-01,0.04405385676999999
2016-11-02,-0.0815133946734694
2016-11-03,-0.054648724152173915
2016-11-04,0.03443966673170732
2016-11-05,0.10646372622631582
2016-11-06,-0.10656916616333335
2016-11-07,0.04403003962765958
2016-11-08,0.007967733042222222
2016-11-09,0.0945423991148889
2016-11-10,0.04993826090666667
2016-11-11,-0.11498386791860465
2016-11-12,-0.04667523736086952
2016-11-13,0.03795758666538461
2016-11-14,0.0906362401139535
2016-11-15,0.011299082584000007
2016-11-16,0.044218456863043466
2016-11-17,0.04435459499333334
2016-11-18,-0.027429608631818172
2016-11-19,0.017421941421052623
2016-11-20,-0.022695970996153843
2016-11-21,0.0538822242288889
2016-11-22,-0.0474352245878049
2016-11-23,-0.017786051574468085
2016-11-24,0.11335161638095242
2016-11-25,0.09765152882499999
2016-11-26,-0.2459292549166667
2016-11-27,0.17430756379545456
2016-11-28,0.00484892677560976
2016-11-29,-0.021431605682926826
2016-11-30,0.1427350189020408
2016-12-01,-0.055086633030952396
2016-12-02,-0.008114055
2016-12-03,-0.06306739185714287
2016-12-04,-0.051567818565909085
2016-12-05,0.023694551076923087
2016-12-06,0.1180167487058824
2016-12-07,0.09679005162272727
2016-12-08,-0.05892387363888889
2016-12-09,-0.062495368449999984
2016-12-10,0.051740258055555564
2016-12-11,-0.08608058256666667
2016-12-12,0.01619988238333334
2016-12-13,0.001677376046511636
2016-12-14,0.014746040046938774
2016-12-15,-0.0354596307851064
2016-12-16,0.030941405151219504
2016-12-17,0.06502126336842104
2016-12-18,-0.09048076533461537
2016-12-19,-0.03591544546136364
2016-12-20,-0.029667651314285722
2016-12-21,-0.16724504115531916
2016-12-22,-0.06590493521162792
2016-12-23,0.004935919597560997
2016-12-24,0.09987254028571427
2016-12-25,0.09678989554999998
2016-12-26,0.04649251693055557
2016-12-27,-0.09498405911714286
2016-12-28,0.03894149425555556
2016-12-29,-0.011051232595000026
2016-12-30,-0.13247646073552632
2016-12-31,0.00353839786111111
2017-01-01,-0.05191861968181815
2017-01-02,0.04939291191333335
2017-01-03,0.03230950048139535
2017-01-04,-0.02114003354444444
2017-01-05,0.1296648418292683
2017-01-06,-0.12582336381276596
2017-01-07,0.05795297010833334
2017-01-08,0.04986763554642858
2017-01-09,-0.06518375024999998
2017-01-10,-0.010967319665517243
2017-01-11,0.014757799821568635
2017-01-12,-0.04144183142291666
2017-01-13,0.039694625668181806
2017-01-14,0.12311113513333333
2017-01-15,0.07218429895185186
2017-01-16,-0.1360504416697674
2017-01-17,0.018411697870212768
2017-01-18,0.030815061279999997
2017-01-19,0.008773305998913046
2017-01-20,-0.0753344315284091
2017-01-21,0.12382164189545454
2017-01-22,-0.018182673603703705
2017-01-23,-0.06352390525302326
2017-01-24,0.06674511209615383
2017-01-25,-0.0468772063568182
2017-01-26,-0.02309776418863637
2017-01-27,0.08096975283783785
2017-01-28,0.08171670969565219
2017-01-29,-0.07879304176071429
2017-01-30,-0.008512512395348833
2017-01-31,0.01349180974630436
2017-02-01,0.06597737252122449
2017-02-02,0.028097768169565215
2017-02-03,0.007505099192307696
2017-02-04,0.10862207735999999
2017-02-05,-0.0369959535025
2017-02-06,-0.03297575934358975
2017-02-07,-0.06976025765106383
2017-02-08,-0.029245359716
2017-02-09,0.09161477707692309
2017-02-10,0.07997350165238096
2017-02-11,0.01586175859130434
2017-02-12,0.03266237970000001
2017-02-13,0.09610563336399998
2017-02-14,-0.045034296422916655
2017-02-15,0.07954397128367346
2017-02-16,0.07886359835719998
2017-02-17,-0.006648117114999998
2017-02-18,0.1958232321458334
2017-02-19,0.09493448841666664
2017-02-20,0.05644160379999998
2017-02-21,0.10453730795227271
2017-02-22,0.03729516358780488
2017-02-23,0.041409800531250006
2017-02-24,-0.047529036081081076
2017-02-25,0.2035309473529412
2017-02-26,0.03576918330434783
2017-02-27,-0.0020348528260000064
2017-02-28,-0.005577440138297872
2017-03-01,0.18714681307142858
2017-03-02,0.0023863026571428656
2017-03-03,0.057920554004878055
2017-03-04,0.15045732926500002
2017-03-05,0.009635081969696991
2017-03-06,0.004417473636808509
2017-03-07,0.12419184913404249
2017-03-08,0.17586636086750002
2017-03-09,0.08493938868717947
2017-03-10,-0.11698642056078427
2017-03-11,-0.007184159143999999
2017-03-12,-0.14366083385416667
2017-03-13,0.10196288103719998
2017-03-14,-0.15666537312608697
2017-03-15,-0.013174188775675683
2017-03-16,-0.061928772436170204
2017-03-17,-0.023812248155555573
2017-03-18,0.10466009764
2017-03-19,0.03461836804545457
2017-03-20,0.06511464874468084
2017-03-21,0.02591429138297873
2017-03-22,0.050138452641860454
2017-03-23,0.09220125465519047
2017-03-24,-0.038173806829411766
2017-03-25,-0.0416791782352941
2017-03-26,0.006711551049999998
2017-03-27,0.03053597489705881
2017-03-28,-0.021808267108163255
2017-03-29,0.06009598148999997
2017-03-30,-0.03575277409803924
2017-03-31,0.20999065634482755
2017-04-01,-0.2095616299105263
2017-04-02,-0.18484671410000003
2017-04-03,-0.17356404118421048
2017-04-04,-0.013130032724390254
2017-04-05,0.11241496800408163
2017-04-06,0.019180104974999997
2017-04-07,-0.04263113145454545
2017-04-08,-0.05838652236999997
2017-04-09,-0.11309523240000001
2017-04-10,0.034226897540540535
2017-04-11,0.07357955848780488
2017-04-12,-0.026043136120833334
2017-04-13,-0.008126437683673498
2017-04-14,0.025027263266666662
2017-04-15,-0.0404378808571429
2017-04-16,-0.09598943743407409
2017-04-17,0.03474389245128205
2017-04-18,0.06249463321632653
2017-04-19,0.020179072286363633
2017-04-20,-0.022896949181818175
2017-04-21,-0.003499283499999987
2017-04-22,0.15350293360869563
2017-04-23,-0.10403306642962962
2017-04-24,0.058206777840000015
2017-04-25,0.09628877068723406
2017-04-26,0.13519797920204088
2017-04-27,0.012198909489999988
2017-04-28,-0.03932189540212766
2017-04-29,-0.03775026989473682
2017-04-30,0.010579401321428572
2017-05-01,-0.06874085261372548
2017-05-02,-0.08616898906739129
2017-05-03,0.0981846652
2017-05-04,-0.06020374968571427
2017-05-05,-0.0016085609000000025
2017-05-06,-0.01784195499999998
2017-05-07,-0.059173587669655185
2017-05-08,-0.04420000626796296
2017-05-09,-0.13828817957115389
2017-05-10,0.012112062108983055
2017-05-11,0.10950391080517241
2017-05-12,0.08997742416618185
2017-05-13,0.04218161675
2017-05-14,0.197427618925926
2017-05-15,0.07679555358275861
2017-05-16,-0.07042687031653845
2017-05-17,0.17800060731599995
2017-05-18,0.03742318284482758
2017-05-19,0.04560290413953487
2017-05-20,-0.03704327256521739
2017-05-21,0.029765346746428573
2017-05-22,0.030947691400113213
2017-05-23,0.035002207166666625
2017-05-24,-0.11500042636140351
2017-05-25,0.006601108277777771
2017-05-26,-0.0072175812622641425
2017-05-27,0.12731496596666664
2017-05-28,-0.06626567803703702
2017-05-29,0.0034897958204545363
2017-05-30,0.06510985565758622
2017-05-31,-0.019733037957446804
2017-06-01,0.030123212431111115
2017-06-02,-0.053036403779999984
2017-06-03,0.03539748893103449
2017-06-04,0.030136902068965517
2017-06-05,0.10242169432727274
2017-06-06,0.02340659897534246
2017-06-07,-0.022789122677272722
2017-06-08,0.01882906827698413
2017-06-09,0.010800111018181804
2017-06-10,-0.06715216310756755
2017-06-11,-0.008517581373684226
2017-06-12,0.12999213835671644
2017-06-13,0.012389436307692308
2017-06-14,0.016000367177500016
2017-06-15,-0.03795447741576272
2017-06-16,0.18843739858518518
2017-06-17,-0.05912608740588236
2017-06-18,-0.046949837382499984
2017-06-19,0.026379578266153853
2017-06-20,0.014128025730769243
2017-06-21,0.028483201547804867
2017-06-22,0.13794912948051946
2017-06-23,-0.06472838206031745
2017-06-24,0.09915387212500001
2017-06-25,0.04696189910000003
2017-06-26,-0.005170838307999996
2017-06-27,0.023145499388888872
2017-06-28,0.04398453845846154
2017-06-29,0.020823622308108126
2017-06-30,0.021264323815942045
2017-07-01,-0.09736528564444447
2017-07-02,0.1339574883974359
2017-07-03,0.0655344712122807
2017-07-04,0.08956274178030299
2017-07-05,0.08758342609687501
2017-07-06,-0.13561011828461544
2017-07-07,0.03695960190921051
2017-07-08,0.04528348621428572
2017-07-09,-0.10187173240000003
2017-07-10,0.05203005227887325
2017-07-11,0.051240866571052646
2017-07-12,0.11661984806385545
2017-07-13,0.012438235002898555
2017-07-14,-0.0022147383383561703
2017-07-15,0.0243334570054054
2017-07-16,-0.026123960192307685
2017-07-17,0.1338302220776316
2017-07-18,0.07697015080823526
2017-07-19,-0.026055984597530862
2017-07-20,-0.003967229122555549
2017-07-21,0.08794020639473685
2017-07-22,-0.019162907464210538
2017-07-23,0.03505764498611111
2017-07-24,0.11726446302534879
2017-07-25,-0.08441306552500001
2017-07-26,0.01812087199615387
2017-07-27,-0.005851509949999991
2017-07-28,-0.05089221166900001
2017-07-29,0.040623493710638316
2017-07-30,-0.014137905782608692
2017-07-31,0.11249436166280485
2017-08-01,-0.016638954173493984
2017-08-02,-0.07708777169192771
2017-08-03,-0.029728051459756093
2017-08-04,-0.018530744034666688
2017-08-05,0.07649043120789475
2017-08-06,0.1076960652547619
2017-08-07,-0.06862947296385541
2017-08-08,-0.03838218697790697
2017-08-09,-0.014596070980113635
2017-08-10,0.034759308648936164
2017-08-11,0.007496444214318193
2017-08-12,0.08223905463571429
2017-08-13,-0.029752740444680837
2017-08-14,-0.05762126658617021
2017-08-15,-0.0403094214972941
2017-08-16,0.0703496059981982
2017-08-17,0.023382739306999988
2017-08-18,-0.031605497529411775
2017-08-19,0.06410207534750001
2017-08-20,0.13712258396206897
2017-08-21,0.06883507014705882
2017-08-22,0.03632939818712869
2017-08-23,-0.05834718245083337
2017-08-24,0.02759212135695001
2017-08-25,0.07489746140434782
2017-08-26,0.11463501448888892
2017-08-27,0.03198018536235416
2017-08-28,0.025161029609438203
2017-08-29,0.0036203673871028305
2017-08-30,0.08252313706363634
2017-08-31,-0.021917442545631067
2017-09-01,-0.013034910898913043
2017-09-02,-0.029828268122807013
2017-09-03,-0.09799434458249999
2017-09-04,-0.00044146577150492547
2017-09-05,-0.05315530644642852
2017-09-06,0.006513104625000001
2017-09-07,-0.019547720287545464
2017-09-08,0.06297615823557691
2017-09-09,0.06672614797555557
2017-09-10,0.09538422185882355
2017-09-11,-0.0645361247301031
2017-09-12,-0.10222996208989901
2017-09-13,0.09551026130550458
2017-09-14,0.05312236986224489
2017-09-15,0.010204557150000003
2017-09-16,0.05977875545555557
2017-09-17,0.12998084098245616
2017-09-18,0.050987953108695645
2017-09-19,0.08608697145789473
2017-09-20,0.03621263251287127
2017-09-21,0.0021838032704081696
2017-09-22,0.0102021268462963
2017-09-23,-0.0016854303833333344
2017-09-24,0.042408334501587305
2017-09-25,0.06100782027281554
2017-09-26,0.11881432608378381
2017-09-27,-0.02517556580766072
2017-09-28,0.01779513872636364
2017-09-29,0.04284782035601853
2017-09-30,0.04346639951851852
2017-10-01,0.024826862205000005
2017-10-02,0.002485338793103439
2017-10-03,0.06118543982877048
2017-10-04,0.03933883223051282
2017-10-05,-0.018388176945161275
2017-10-06,0.016463256588245618
2017-10-07,0.10830171520576923
2017-10-08,0.09990641250833332
2017-10-09,0.09210679945714287
2017-10-10,-0.0029485025770370275
2017-10-11,0.03835756893754099
2017-10-12,-0.01821938830084035
2017-10-13,0.00028031786209677513
2017-10-14,-0.017531097563389844
2017-10-15,0.05147438814590163
2017-10-16,-0.013970911666141735
2017-10-17,0.043154612366406254
2017-10-18,0.06810829164308943
2017-10-19,0.11969921974479998
2017-10-20,-0.010622863587499995
2017-10-21,-0.012824054461194048
2017-10-22,0.009740704249206342
2017-10-23,0.061130330118181815
2017-10-24,0.0013285637256034437
2017-10-25,0.01413819433211679
2017-10-26,0.05811600642461537
2017-10-27,0.02110205406260164
2017-10-28,-0.037519606253448246
2017-10-29,-0.010520497093582095
2017-10-30,0.03569185217949276
2017-10-31,-0.023070516380952366
2017-11-01,0.03705545816193798
2017-11-02,0.0038206964390070895
2017-11-03,0.08828953507350427
2017-11-04,0.01621160146969698
2017-11-05,0.023913452280327888
2017-11-06,0.08349102659836068
2017-11-07,0.030366755103050844
2017-11-08,0.025014299557746474
2017-11-09,0.022455680667625908
2017-11-10,0.0776515102863309
2017-11-11,0.038715289257352944
2017-11-12,0.013820866763333337
2017-11-13,0.1393441741023529
2017-11-14,0.036318431903496505
2017-11-15,0.03068001601342659
2017-11-16,0.05011694437456955
2017-11-17,0.01818093176517856
2017-11-18,0.06294912965352113
2017-11-19,0.06640993955409838
2017-11-20,0.056856268362601665
2017-11-21,0.0418081483090909
2017-11-22,0.057732130427692305
2017-11-23,0.028883245507317076
2017-11-24,0.02969140387478991
2017-11-25,0.004655396256451609
2017-11-26,0.03767481341549296
2017-11-27,0.01881054905681817
2017-11-28,0.044126458338993715
2017-11-29,0.0446736555775325
2017-11-30,0.05642326689423649
2017-12-01,0.026226318363287666
2017-12-02,0.044946395565822785
2017-12-03,0.058259167215151515
2017-12-04,-0.027207525382320446
2017-12-05,-0.007669354530718971
2017-12-06,-0.015670519081111136
2017-12-07,-0.021446647775568192
2017-12-08,-0.026910571582484066
2017-12-09,-0.0847634068195402
2017-12-10,0.010194976657608702
2017-12-11,0.03019722790368519
2017-12-12,0.04832008892505881
2017-12-13,-0.02377753212590361
2017-12-14,0.011461953643773582
2017-12-15,0.058392708140486076
2017-12-16,0.06456244859487179
2017-12-17,0.060303781798153835
2017-12-18,0.022811903207013005
2017-12-19,-0.01555387164357144
2017-12-20,0.0658373358954491
2017-12-21,0.036763341797260284
2017-12-22,0.05443891045400001
2017-12-23,0.09531225683333332
2017-12-24,0.11924655814363634
2017-12-25,0.16408827238513504
2017-12-26,0.13668895143157891
2017-12-27,0.036062465084455465
2017-12-28,0.10836776520775865
2017-12-29,0.07783331983448279
2017-12-30,0.10925181598181821
2017-12-31,-0.003823969191891889
2018-01-01,-0.00500730587540983
2018-01-02,0.14035067845425933
2018-01-03,0.045869754694539
2018-01-04,0.06304983889455783
2018-01-05,0.0630680930167442
2018-01-06,0.09462272978701301
2018-01-07,0.01577682781216216
2018-01-08,0.05105611155109489
2018-01-09,0.06872236239361702
2018-01-10,0.09825764003529412
2018-01-11,0.046785464680000007
2018-01-12,0.010802764235877876
2018-01-13,-0.05194016035079366
2018-01-14,-0.06734410910483868
2018-01-15,0.06790804487963505
2018-01-16,-0.030032413919834716
2018-01-17,-0.010016474460645188
2018-01-18,0.056705010011510834
2018-01-19,0.01072043252262774
2018-01-20,-0.0076657691816667
2018-01-21,0.037743548567777764
2018-01-22,0.08110041968972603
2018-01-23,0.017289366172121196
2018-01-24,0.034330610846153846
2018-01-25,-0.004397072776914927
2018-01-26,0.02578361692610737
2018-01-27,0.04085276085714284
2018-01-28,-0.0067611251042857395
2018-01-29,0.019570447575704218
2018-01-30,0.01658312329085366
2018-01-31,0.044861425578947366
2018-02-01,0.02326431578179012
2018-02-02,0.059927350059405575
2018-02-03,0.0714257320768421
2018-02-04,0.1011127169645161
2018-02-05,0.02949834917177632
2018-02-06,-0.021127873471420117
2018-02-07,0.10626067198118473
2018-02-08,0.04048546465973405
2018-02-09,0.06078355605086954
2018-02-10,0.05021516039230769
2018-02-11,0.05221034581612904
2018-02-12,0.06170617599409938
2018-02-13,0.014308898201226999
2018-02-14,0.05811416802784088
2018-02-15,-0.01309447965369126
2018-02-16,0.05328747317302632
2018-02-17,0.04244085373505882
2018-02-18,-0.05308812750400002
2018-02-19,0.09012176098918917
2018-02-20,0.04977855821597633
2018-02-21,0.061199076557239246
2018-02-22,0.041133498387978154
2018-02-23,-0.010249149073207559
2018-02-24,0.0221629308934066
2018-02-25,0.0036510871846153954
2018-02-26,0.09899419375705523
2018-02-27,-0.019664021966320496
2018-02-28,0.06972187298972224
2018-03-01,0.005768366396272195
2018-03-02,0.09475365923696204
2018-03-03,-0.016845125108333334
2018-03-04,-0.0022915397205479546
2018-03-05,0.06335865858379883
2018-03-06,0.022167368726553678
2018-03-07,0.043849422225781254
2018-03-08,0.0781773505755056
2018-03-09,0.0497690767340506
2018-03-10,0.009216448965470232
2018-03-11,0.15035975688765435
2018-03-12,0.06152115045357143
2018-03-13,0.05038292426946448
2018-03-14,0.0021190638393719778
2018-03-15,-0.028970330491179492
2018-03-16,0.008603487185026737
2018-03-17,0.10065141375729164
2018-03-18,-0.014897817728205127
2018-03-19,-0.005851344808021387
2018-03-20,-0.01387079826170211
2018-03-21,0.014099057120975608
2018-03-22,0.026373260144352324
2018-03-23,0.0013182833210784262
2018-03-24,0.01859459740277778
2018-03-25,0.023848227703255793
2018-03-26,0.021963302114141433
2018-03-27,0.046363949156281406
2018-03-28,0.05183037767133665
2018-03-29,0.02928055928556817
2018-03-30,0.025082586508196718
2018-03-31,0.0818306964927273
2018-04-01,0.032267045456179776
2018-04-02,-0.009293633806111106
2018-04-03,0.04677104714930231
2018-04-04,0.0843368027658654
2018-04-05,0.05508681700744189
2018-04-06,0.005939902894540806
2018-04-07,0.12849523117777778
2018-04-08,0.10029512893530004
2018-04-09,-0.02957644827191109
2018-04-10,0.030616119349320407
2018-04-11,0.04681120650168073
2018-04-12,0.06315478170901288
2018-04-13,-0.03929573428542709
2018-04-14,0.07824951045785121
2018-04-15,-0.05908312087075471
2018-04-16,-0.0394589731125616
2018-04-17,0.0859021498257642
2018-04-18,0.026159050625751076
2018-04-19,0.03336449687443902
2018-04-20,0.027504272313488384
2018-04-21,0.11673969649666673
2018-04-22,0.03265716072175927
2018-04-23,0.04250715081067962
2018-04-24,0.06472896805868214
2018-04-25,0.07467114319558235
2018-04-26,-0.032495663714875
2018-04-27,0.05155404743991227
2018-04-28,-0.026026235834246566
2018-04-29,0.04006126265644628
2018-04-30,0.04107456086336634
2018-05-01,0.03857941066995307
2018-05-02,0.01715299253556485
2018-05-03,0.023406320113076928
2018-05-04,0.06386307339145297
2018-05-05,0.02662068363217393
2018-05-06,0.0010624886734374938
2018-05-07,0.04756177360373832
2018-05-08,0.03649263773991452
2018-05-09,0.04946788987568464
2018-05-10,0.004228833583914902
2018-05-11,0.059882921583733324
2018-05-12,0.03745075745971222
2018-05-13,0.01677581508571428
2018-05-14,0.00683332912961374
2018-05-15,0.06440739355395671
2018-05-16,0.06256812060477372
2018-05-17,0.03231581420954356
2018-05-18,-0.005373069354065038
2018-05-19,0.07537423137906973
2018-05-20,0.055624217163636365
2018-05-21,0.0472436986134529
2018-05-22,0.08887239833933883
2018-05-23,-0.0010755086856540075
2018-05-24,-0.016900167137016142
2018-05-25,0.024787026767217765
2018-05-26,0.05794245809632354
2018-05-27,-0.0003324423219780229
2018-05-28,0.04202902906794257
2018-05-29,0.012690995531531538
2018-05-30,0.02074127313760002
2018-05-31,0.09404794548489792
2018-06-01,0.04804301310645157
2018-06-02,-0.006597774284210521
2018-06-03,0.0002873809054545262
2018-06-04,0.08006802327567229
2018-06-05,0.019611587992999984
2018-06-06,0.10299634160222226
2018-06-07,0.057948169584549195
2018-06-08,0.08383642902128516
2018-06-09,0.06278172228427951
2018-06-10,0.004042254570270271
2018-06-11,0.05210444746307058
2018-06-12,0.0020560520933333238
2018-06-13,0.003652329705247154
2018-06-14,-0.0017224784862301611
2018-06-15,0.08493814583655472
2018-06-16,-0.05386107993504997
2018-06-17,7.753476530611708e-05
2018-06-18,0.11438532747241373
2018-06-19,0.04033513096614786
2018-06-20,0.01154053646082143
2018-06-21,0.05377191357129251
2018-06-22,0.03822942893089796
2018-06-23,-0.0007713832992187415
2018-06-24,0.05275330729999999
2018-06-25,0.05790887359515416
2018-06-26,0.032004484626691726
2018-06-27,0.01776335963960783
2018-06-28,0.04100111982476189
2018-06-29,0.05271277188410044
2018-06-30,0.02910685773617022
2018-07-01,0.03713220386379311
2018-07-02,0.0690792097810435
2018-07-03,0.033007130176521716
2018-07-04,0.04044842375257407
2018-07-05,0.030645711692674427
2018-07-06,0.015793462899193554
2018-07-07,0.08979133819183678
2018-07-08,0.07109459479092596
2018-07-09,0.06448631075857741
2018-07-10,0.035100366377519385
2018-07-11,0.003122439922093011
2018-07-12,0.01824220291007462
2018-07-13,0.015640070256375014
2018-07-14,0.12043049093409096
2018-07-15,0.05524073894226418
2018-07-16,0.09106650099953395
2018-07-17,0.020537954696191574
2018-07-18,-0.016790520315412165
2018-07-19,0.06144102443745321
2018-07-20,0.018116021654212767
2018-07-21,0.10139250163607143
2018-07-22,-0.03225326056090909
2018-07-23,-0.006033018850044243
2018-07-24,0.04037246276851852
2018-07-25,0.01944820659581749
2018-07-26,0.0844660812020973
2018-07-27,0.08948609967686272
2018-07-28,0.003626304487037017
2018-07-29,0.01305018487378641
2018-07-30,0.021001920246846835
2018-07-31,0.1103433860848708
2018-08-01,-0.013893779370342208
2018-08-02,0.0035529714200772237
2018-08-03,0.0981371157800195
2018-08-04,-0.04479743291188809
2018-08-05,0.0811796811314286
2018-08-06,0.12489411180805687
2018-08-07,0.013217212062948215
2018-08-08,0.03534614873852142
2018-08-09,-0.041146937743709686
2018-08-10,-0.009373611580511811
2018-08-11,0.0015527728661764565
2018-08-12,0.08870314373266056
2018-08-13,0.04833643778957345
2018-08-14,0.08132542836607595
2018-08-15,-0.0001831967158222155
2018-08-16,0.017780966296717556
2018-08-17,0.007052695579183668
2018-08-18,0.09422802011156461
2018-08-19,0.08795722717009344
2018-08-20,0.0723810546676724
2018-08-21,-0.030049745162749025
2018-08-22,0.07496144835530802
2018-08-23,0.03976124966716418
2018-08-24,0.05378946518749996
2018-08-25,0.054700720836486486
2018-08-26,-0.024837385573831812
2018-08-27,0.062276168070588236
2018-08-28,0.0190856736516
2018-08-29,0.06921953665136364
2018-08-30,0.08029600735019453
2018-08-31,0.07532946173139297
2018-09-01,0.04469012417794117
2018-09-02,0.08284176087628864
2018-09-03,0.011997172189064056
2018-09-04,0.03614639406569037
2018-09-05,0.05155144908647541
2018-09-06,0.04907679758265809
2018-09-07,0.10158150778340252
2018-09-08,0.05017843523030306
2018-09-09,0.051409875315740754
2018-09-10,0.02412386819999999
2018-09-11,0.05909378439534135
2018-09-12,0.004788929903636372
2018-09-13,0.054698297595348014
2018-09-14,0.07079730349433735
2018-09-15,0.05472065575810811
2018-09-16,0.028801684202857156
2018-09-17,0.03651706070093023
2018-09-18,0.07038026468525896
2018-09-19,-0.05354859837767445
2018-09-20,0.010129041526206896
2018-09-21,0.03154687414097561
2018-09-22,-0.015583186948979585
2018-09-23,-0.08833515379100895
2018-09-24,0.023335584715624993
2018-09-25,0.022633736735205974
2018-09-26,0.08730804406433902
2018-09-27,0.011444617923285714
2018-09-28,0.035171959442402825
2018-09-29,-0.01788520032341615
2018-09-30,0.021788057027999998
2018-10-01,0.052215296111111094
2018-10-02,0.07084895978646287
2018-10-03,0.038800955252255624
2018-10-04,0.03682539534716983
2018-10-05,0.0008140414364035096
2018-10-06,0.041045457064502924
2018-10-07,0.05938453534517546
2018-10-08,0.03631779508543308
2018-10-09,0.08037859837131274
2018-10-10,0.06244036177239056
2018-10-11,0.035437477217102484
2018-10-12,0.07952885548201613
2018-10-13,0.1281396010975309
2018-10-14,0.02827653182672412
2018-10-15,0.016891694446431526
2018-10-16,0.022203246245829773
2018-10-17,0.03235477448368795
2018-10-18,-0.0015919385796527722
2018-10-19,0.02309299296012931
2018-10-20,0.06976427830721522
2018-10-21,0.07840306713896829
2018-10-22,-0.0024881425048192767
2018-10-23,0.05938246471409838
2018-10-24,0.028138253217792224
2018-10-25,0.04994094740833058
2018-10-26,0.05256393501884619
2018-10-27,-0.0023478294030769204
2018-10-28,0.009974106891428575
2018-10-29,0.07692731314810605
2018-10-30,0.05746446558828178
2018-10-31,0.03941975818147911
2018-11-01,0.07064980107446499
2018-11-02,-0.010370683324946221
2018-11-03,0.03895922809748344
2018-11-04,-0.014561598553543307
2018-11-05,0.030967008661016957
2018-11-06,0.021068513251977602
2018-11-07,0.02069118243155737
2018-11-08,0.06302158899800687
2018-11-09,0.05465189892762295
2018-11-10,0.0040805016038961
2018-11-11,-0.02883961156946561
2018-11-12,0.05236098615991378
2018-11-13,0.015384798504946999
2018-11-14,0.017754587865966148
2018-11-15,0.05468095102902031
2018-11-16,0.04091144722366413
2018-11-17,0.0410817989516279
2018-11-18,0.047606273979272695
2018-11-19,0.003100112506942156
2018-11-20,0.03423120954689892
2018-11-21,0.07271758103122677
2018-11-22,0.0457654556090583
2018-11-23,0.06115527609097166
2018-11-24,0.03672707040316456
2018-11-25,-0.04761199630042308
2018-11-26,0.04608987473004047
2018-11-27,0.043535918414527586
2018-11-28,0.07561035311672534
2018-11-29,0.042814050884398595
2018-11-30,0.06871629970578513
2018-12-01,0.027665621353472215
2018-12-02,0.025049120397391295
2018-12-03,0.0014472130029411613
2018-12-04,0.049378561498810425
2018-12-05,0.07541148943067225
2018-12-06,0.041627085675969
2018-12-07,0.023813526800675673
2018-12-08,0.08191662806434481
2018-12-09,0.08632797485025641
2018-12-10,0.033648922323004704
2018-12-11,0.04046036099669607
2018-12-12,0.08108280243546562
2018-12-13,0.02544604056239344
2018-12-14,0.04527093543162393
2018-12-15,0.0618717198986111
2018-12-16,-0.014981467494166659
2018-12-17,-0.009890285620142185
2018-12-18,0.006700426696680497
2018-12-19,0.04843964423633703
2018-12-20,0.002554659547381988
2018-12-21,0.05961081078923728
2018-12-22,0.014948461482781452
2018-12-23,0.02603480803228069
2018-12-24,0.023929229358955233
2018-12-25,0.10573006612592593
2018-12-26,0.10314158577462745
2018-12-27,0.023468424359890102
2018-12-28,0.03824709121984211
2018-12-29,0.024636109716223768
2018-12-30,0.04721841510467291
2018-12-31,0.04650602753231788
2019-01-01,0.009708812819520315
2019-01-02,0.020201302470751872
2019-01-03,0.0823346144346154
2019-01-04,0.018007818057897435
2019-01-05,0.04635172999354838
2019-01-06,0.06671195174451224
2019-01-07,0.0313538410315412
2019-01-08,0.002365970936006195
2019-01-09,0.10838108337768594
2019-01-10,0.030612656682484085
2019-01-11,0.005230090371433341
2019-01-12,0.03877129807752808
2019-01-13,0.033300312865142866
2019-01-14,0.033951060096118195
2019-01-15,-0.017265549284347818
2019-01-16,0.05600174086291545
2019-01-17,-0.007533471349482183
2019-01-18,0.02222554682852458
2019-01-19,0.024696680306785717
2019-01-20,-0.034589211576821204
2019-01-21,0.009195678732885905
2019-01-22,0.04895042626163575
2019-01-23,0.07099178345208332
2019-01-24,0.02658696370279411
2019-01-25,0.05952360646465257
2019-01-26,0.027483639494352338
2019-01-27,0.0661663885719512
2019-01-28,0.011961458207749203
2019-01-29,0.02440256328101093
2019-01-30,0.0898802900149237
2019-01-31,0.07918444298676092
2019-02-01,0.049046156272181216
2019-02-02,0.01870138159807692
2019-02-03,-0.058630993069276306
2019-02-04,0.08607221294905662
2019-02-05,0.0355916431044868
2019-02-06,0.0416674992628994
2019-02-07,0.06896443523354548
2019-02-08,0.0934725257505522
2019-02-09,0.10462821970730346
2019-02-10,0.10252468110952379
2019-02-11,0.0667767746519802
2019-02-12,-0.014420563965221008
2019-02-13,0.047364533456780634
2019-02-14,0.024242007643814453
2019-02-15,0.05390595607000003
2019-02-16,0.01814082380499997
2019-02-17,-0.005582358946202534
2019-02-18,0.053704019606249986
2019-02-19,0.048430759412029865
2019-02-20,0.11942428851994613
2019-02-21,0.050753031179861144
2019-02-22,0.05010868652000002
2019-02-23,0.030855299169191924
2019-02-24,0.02687307456000001
2019-02-25,0.007364470905714288
2019-02-26,0.04954335042772117
2019-02-27,0.04863300132868998
2019-02-28,0.0205975214122807
2019-03-01,0.030158104242542817
2019-03-02,0.012918736923728814
2019-03-03,-0.002746094338124995
2019-03-04,0.039180189770534106
2019-03-05,0.0993387315143828
2019-03-06,0.06394610425561639
2019-03-07,0.08915817146334146
2019-03-08,0.04236542773600586
2019-03-09,0.05145389468906253
2019-03-10,0.08285732500925468
2019-03-11,0.0625471611235695
2019-03-12,0.08977684550550007
2019-03-13,0.004125331649117645
2019-03-14,0.04620316473027703
2019-03-15,-0.0018148666562340975
2019-03-16,0.054198875557142846
2019-03-17,0.011299409753486854
2019-03-18,0.11323674027649878
2019-03-19,0.06469550004224997
2019-03-20,0.029893846827027733
2019-03-21,0.05184235635954437
2019-03-22,0.02404297206860157
2019-03-23,0.04484174269810425
2019-03-24,0.054319710972413796
2019-03-25,0.07701746952828785
2019-03-26,0.027884242185000015
2019-03-27,0.06307068403708134
2019-03-28,0.05609701303990195
2019-03-29,0.0651515864330892
2019-03-30,0.01668938619622641
2019-03-31,0.057332703023926374
2019-04-01,0.04621684213696236
2019-04-02,0.1070617826395248
2019-04-03,0.06730228685799995
2019-04-04,0.07886059283048033
2019-04-05,0.053328085766216164
2019-04-06,0.045712111766344536
2019-04-07,0.024307129263287226
2019-04-08,0.10269447956221955
2019-04-09,0.07955143038655452
2019-04-10,0.03755482441129385
2019-04-11,-0.011901201435802491
2019-04-12,0.03062993258598464
2019-04-13,0.007412916223152713
2019-04-14,0.059388879427340426
2019-04-15,0.03457184329436145
2019-04-16,-0.005027771406490389
2019-04-17,0.05729423140835479
2019-04-18,0.053802425581424916
2019-04-19,0.10152701552524909
2019-04-20,0.03498238559942529
2019-04-21,-0.0034440835766666664
2019-04-22,0.025844656212966336
2019-04-23,0.07253313453896008
2019-04-24,0.06738559990552764
2019-04-25,0.06453593068489208
2019-04-26,-0.03039805137617839
2019-04-27,0.02484422695978837
2019-04-28,0.0463689051491803
2019-04-29,0.051429138335530866
2019-04-30,0.03741772051853724
2019-05-01,0.030309345831015643
2019-05-02,0.10661948508198037
2019-05-03,0.07408983052984296
2019-05-04,0.03454147249781659
2019-05-05,0.0476831139954487
2019-05-06,0.03735709882403318
2019-05-07,0.039153341635091266
2019-05-08,-0.0013564283670997718
2019-05-09,0.015494593283541146
2019-05-10,0.06192341840763476
2019-05-11,0.08307726509716214
2019-05-12,0.029966058408474584
2019-05-13,0.08965497924677056
2019-05-14,0.07423755925256584
2019-05-15,0.07348848952289097
2019-05-16,0.06801124343215356
2019-05-17,0.03146065620122449
2019-05-18,0.04703106252485985
2019-05-19,0.043084805570558375
2019-05-20,0.021853179302960202
2019-05-21,0.023828323237028826
2019-05-22,0.017004728778696635
2019-05-23,0.04852899971701095
2019-05-24,0.054988838507304766
2019-05-25,0.10174117957869716
2019-05-26,0.03706852564450264
2019-05-27,0.0701880551478016
2019-05-28,0.06198460756429237
2019-05-29,0.020934158850841832
2019-05-30,0.02139008457013575
2019-05-31,0.006703097263224992
2019-06-01,0.01680885377450979
2019-06-02,0.06104520702163738
2019-06-03,0.014910975315259603
2019-06-04,-0.02150253249231341
2019-06-05,0.050110950388300206
2019-06-06,-0.021762579822600454
2019-06-07,0.0167600349335674
2019-06-08,0.012002095337016582
2019-06-09,0.06323922484444444
2019-06-10,0.016328385528498742
2019-06-11,0.03684051304208436
2019-06-12,0.07096577060823077
2019-06-13,0.06628055973175843
2019-06-14,0.04788440194724222
2019-06-15,-0.014715432901098882
2019-06-16,0.021952497198295434
2019-06-17,0.06662802166392046
2019-06-18,0.048991179970232564
2019-06-19,0.05897575220253443
2019-06-20,0.04307131908475728
2019-06-21,0.06903020723131152
2019-06-22,0.01852614421488479
2019-06-23,-0.04822866085477529
2019-06-24,0.008702757178494341
2019-06-25,0.06117632459044663
2019-06-26,0.07328173947191385
2019-06-27,0.019078234809863644
2019-06-28,0.021528765558626373
2019-06-29,0.02360396136572818
2019-06-30,0.014866539013353658
2019-07-01,0.012722759149616384
2019-07-02,0.03519738369026913
2019-07-03,0.056093630207333364
2019-07-04,0.05048015905732703
2019-07-05,0.00040902697709969065
2019-07-06,0.0006011091280219802
2019-07-07,-0.03176818657832257
2019-07-08,0.00437819704515581
2019-07-09,0.02088356363414042
2019-07-10,0.022764444352230205
2019-07-11,-0.02223575419939758
2019-07-12,-0.060224786971207894
2019-07-13,0.02548291611552084
2019-07-14,-0.042089807159133685
2019-07-15,-0.0014902137553133505
2019-07-16,-0.025566254898771488
2019-07-17,-0.001942352327278896
2019-07-18,0.00963157203571101
2019-07-19,-0.04521143423253159
2019-07-20,0.07692395585609758
2019-07-21,0.03345382500076355
2019-07-22,-0.0075996987180191045
2019-07-23,-0.04109692058484715
2019-07-24,0.026845995032861194
2019-07-25,-0.012295891355555569
2019-07-26,-0.014200474180327872
2019-07-27,-0.11752888934999994
2019-07-28,-0.06720528002608694
2019-07-29,0.07412196403102046
2019-07-30,0.004356616254747471
2019-07-31,0.04849077397870967
2019-08-01,0.05363518616678828
2019-08-02,0.07675118026175294
2019-08-03,-0.018620445470714286
2019-08-04,0.004738172788484847
2019-08-05,0.06304061854787643
2019-08-06,-0.025466846814499997
2019-08-07,-0.03206165888501754
2019-08-08,0.0630670423191506
2019-08-09,-0.012065612508392864
2019-08-10,0.021630490248833338
2019-08-11,-0.05190251108737862
2019-08-12,-0.02264218102413794
2019-08-13,-0.0025947494528947264
2019-08-14,-0.02831791427534883
2019-08-15,-0.13488122560484853
2019-08-16,0.012392603854362411
2019-08-17,0.008484090510389617
2019-08-18,-0.016859236226865682
2019-08-19,0.05832220879875002
2019-08-20,-0.06399541242682931
2019-08-21,-0.0836534035806896
2019-08-22,-0.09098427192042419
2019-08-23,-0.07640296339580838
2019-08-24,-0.11342244871341467
2019-08-25,-0.14498155893552633
2019-08-26,-0.04431725839517241
2019-08-27,-0.1408744819110256
2019-08-28,-0.08301312481204821
2019-08-29,-0.06621847500181821
2019-08-30,-0.037510549940129916
2019-08-31,0.03494917622077922
2019-09-01,-0.10324512083887319
2019-09-02,-0.09772094956107379
2019-09-03,0.10947413440833327
2019-09-04,0.02318855584551283
2019-09-05,0.03658943442450332
2019-09-06,0.07271293242384107
2019-09-07,0.0036422412788607297
2019-09-08,-0.18953971462647068
2019-09-09,0.0521761098955975
2019-09-10,0.10289155028532602
2019-09-11,0.0045310359065868205
2019-09-12,-0.05075154979763315
2019-09-13,0.08000726648211681
2019-09-14,0.10690066481527029
2019-09-15,-0.05955517005274193
2019-09-16,-0.04986302342614457
2019-09-17,0.0825795348610063
2019-09-18,0.03402004303865031
2019-09-19,0.02985055412819767
2019-09-20,0.0611102808630573
2019-09-21,0.07263055508285711
2019-09-22,-0.09210531236176468
2019-09-23,0.014487597963491125
2019-09-24,-0.11199737926486181
2019-09-25,-0.16404424153113206
2019-09-26,-0.07391947804484852
2019-09-27,-0.055381978701212135
2019-09-28,-0.04084524715544554
2019-09-29,-0.15557118547831328
2019-09-30,-0.08973726943552632
2019-10-01,-0.16532641311520474
2019-10-02,-0.08990201907818177
2019-10-03,0.001202165051572321
2019-10-04,-0.12968714468175677
2019-10-05,-0.07956095744729727
2019-10-06,-0.18942887657183097
2019-10-07,-0.15292817931552538
2019-10-08,0.027748199742564088
2019-10-09,0.07480781877282609
2019-10-10,0.02691812133046512
2019-10-11,-0.04592308194674557
2019-10-12,-0.12698795281097558
2019-10-13,0.06605439687681164
2019-10-14,-0.031089758391739136
2019-10-15,0.009700635164634146
2019-10-16,-0.0750812013278481
2019-10-17,0.04183147257582353
2019-10-18,-0.09899713790132451
2019-10-19,-0.20228616319876552
2019-10-20,-0.08786564116417912
2019-10-21,0.03471799428533334
2019-10-22,0.09542561852016755
2019-10-23,-0.055251353412499996
2019-10-24,-0.05394681265452516
2019-10-25,-0.0189389467582822
2019-10-26,0.12646219004204542
2019-10-27,0.092740814721519
2019-10-28,0.15302889524294475
2019-10-29,0.07864231908802329
2019-10-30,0.014108172682345686
2019-10-31,0.06507398503060241
2019-11-01,-0.001326703910738249
2019-11-02,-0.012958468250684939
2019-11-03,-0.05422806485945945
2019-11-04,-0.09364829205828974
2019-11-05,0.005851766168191486
2019-11-06,0.038254425222994624
2019-11-07,0.02477888333491124
2019-11-08,-0.024050228475838924
2019-11-09,-0.05722068156588235
2019-11-10,-0.02565684862615384
2019-11-11,0.10199970352606061
2019-11-12,0.03643160070890053
2019-11-13,0.08495695567733691
2019-11-14,0.01719537380796022
2019-11-15,-0.06097006129954804
2019-11-16,-0.11304505261532609
2019-11-17,-0.0038023574838235235
2019-11-18,-0.040272885302484476
2019-11-19,0.014556245419166676
2019-11-20,-0.025235567322033896
2019-11-21,-0.12740234645529214
2019-11-22,-0.15798948972641516
2019-11-23,-0.1485068628216867
2019-11-24,-0.16636245247619044
2019-11-25,-0.16822679916602484
2019-11-26,-0.012984549991633962
2019-11-27,-0.0038020679568965443
2019-11-28,0.06869596549072812
2019-11-29,0.0413261441965278
2019-11-30,-0.1658676502808219
2019-12-01,-0.050044694703174616
2019-12-02,0.003970705010718956
2019-12-03,-0.13502787208130954
2019-12-04,-0.04864237206195405
2019-12-05,-0.04299667804131737
2019-12-06,0.002484319782808218
2019-12-07,0.02508521872972972
2019-12-08,0.05866607477857144
2019-12-09,-0.03163331088287501
2019-12-10,-0.11320770456591721
2019-12-11,-0.024806916690837996
2019-12-12,-0.002369144422107127
2019-12-13,-0.0277002272473684
2019-12-14,-0.04836415447407408
2019-12-15,-0.0762835110565789
2019-12-16,-0.13091995023166658
2019-12-17,-0.13685311831488092
2019-12-18,-0.11396005472603547
2019-12-19,-0.008117204038728319
2019-12-20,0.08644134161220934
2019-12-21,0.04436826263975308
2019-12-22,-0.030418291595652177
2019-12-23,-0.017671115493377493
2019-12-24,-0.010401353674603172
2019-12-25,-0.03586758949459458
2019-12-26,-0.173104809234066
2019-12-27,-0.08429297313245283
2019-12-28,0.03024900469117647
2019-12-29,0.08810138107575757
2019-12-30,0.009764403558474582
2019-12-31,-0.0670431159255814
