,time,open,high,low,close
0,2016-08-17,3.62,3.62,3.62,3.62
1,2016-08-18,3.62,3.7,3.62,3.7
2,2016-08-19,3.7,4.0,3.7,4.0
3,2016-08-20,4.0,4.0,4.0,4.0
4,2016-08-21,4.0,4.0,4.0,4.0
5,2016-08-22,4.0,4.0,3.99,3.99
6,2016-08-23,3.99,5.49,3.61,3.96
7,2016-08-24,3.95,3.96,3.61,3.87
8,2016-08-25,3.87,3.88,3.75,3.82
9,2016-08-26,3.82,3.9,3.77,3.84
10,2016-08-27,3.84,3.85,3.62,3.78
11,2016-08-28,3.78,3.78,3.62,3.78
12,2016-08-29,3.72,3.84,3.7,3.77
13,2016-08-30,3.77,3.85,3.74,3.81
14,2016-08-31,3.81,3.85,3.74,3.74
15,2016-09-01,3.74,3.9,3.26,3.81
16,2016-09-02,3.81,4.35,3.65,3.84
17,2016-09-03,3.84,3.99,3.8,3.99
18,2016-09-04,3.99,4.08,3.85,4.02
19,2016-09-05,4.02,4.07,3.94,3.95
20,2016-09-06,3.95,3.98,3.91,3.91
21,2016-09-07,3.91,4.03,3.91,3.96
22,2016-09-08,3.96,4.03,3.95,3.97
23,2016-09-09,3.97,4.02,3.94,3.96
24,2016-09-10,3.96,4.0,3.95,3.96
25,2016-09-11,3.96,4.04,3.86,3.92
26,2016-09-12,3.91,3.96,3.77,3.86
27,2016-09-13,3.86,3.89,3.8,3.81
28,2016-09-14,3.81,3.85,3.8,3.85
29,2016-09-15,3.85,3.95,3.81,3.81
30,2016-09-16,3.85,3.89,3.8,3.81
31,2016-09-17,3.81,3.88,3.81,3.82
32,2016-09-18,3.82,3.87,3.81,3.87
33,2016-09-19,3.87,3.93,3.8,3.86
34,2016-09-20,3.85,4.0,3.76,3.84
35,2016-09-21,3.84,6.72,3.61,3.83
36,2016-09-22,3.76,5.05,3.76,3.79
37,2016-09-23,3.79,4.2,3.77,3.83
38,2016-09-24,3.83,4.06,3.83,3.84
39,2016-09-25,3.85,3.91,3.8,3.8
40,2016-09-26,3.8,4.0,3.79,3.84
41,2016-09-27,3.86,3.92,3.79,3.83
42,2016-09-28,3.85,3.9,3.79,3.82
43,2016-09-29,3.82,3.88,3.81,3.84
44,2016-09-30,3.86,3.87,3.8,3.83
45,2016-10-01,3.83,3.86,3.81,3.85
46,2016-10-02,3.85,3.86,3.82,3.83
47,2016-10-03,3.83,3.94,3.83,3.83
48,2016-10-04,3.83,3.9,3.81,3.81
49,2016-10-05,3.85,3.91,3.79,3.86
50,2016-10-06,3.86,3.88,3.78,3.82
51,2016-10-07,3.82,3.87,3.8,3.83
52,2016-10-08,3.82,3.88,3.8,3.86
53,2016-10-09,3.86,3.86,3.8,3.8
54,2016-10-10,3.8,3.84,3.79,3.82
55,2016-10-11,3.79,3.84,3.75,3.8
56,2016-10-12,3.83,3.83,3.79,3.8
57,2016-10-13,3.8,3.93,3.8,3.83
58,2016-10-14,3.83,3.92,3.82,3.89
59,2016-10-15,3.82,3.94,3.82,3.93
60,2016-10-16,3.92,3.94,3.86,3.89
61,2016-10-17,3.89,3.94,3.84,3.86
62,2016-10-18,3.86,3.9,3.8,3.87
63,2016-10-19,3.86,3.91,3.79,3.79
64,2016-10-20,3.79,3.81,3.78,3.8
65,2016-10-21,3.8,3.81,3.75,3.78
66,2016-10-22,3.79,3.88,3.75,3.81
67,2016-10-23,3.84,3.89,3.7,3.88
68,2016-10-24,3.88,3.89,3.82,3.87
69,2016-10-25,3.82,3.88,3.8,3.85
70,2016-10-26,3.85,3.96,3.76,3.94
71,2016-10-27,3.89,4.14,3.89,3.99
72,2016-10-28,3.99,4.02,3.88,3.9
73,2016-10-29,3.9,4.24,3.9,4.24
74,2016-10-30,4.24,4.25,4.0,4.0
75,2016-10-31,4.0,4.07,3.92,3.98
76,2016-11-01,3.98,4.5,3.92,4.02
77,2016-11-02,4.12,4.35,3.99,4.07
78,2016-11-03,4.07,4.34,3.8,3.9
79,2016-11-04,3.89,3.98,3.77,3.89
80,2016-11-05,3.88,3.94,3.86,3.87
81,2016-11-06,3.87,3.93,3.85,3.91
82,2016-11-07,3.91,3.92,3.83,3.83
83,2016-11-08,3.88,3.91,3.84,3.9
84,2016-11-09,3.9,3.99,3.77,3.84
85,2016-11-10,3.84,3.98,3.79,3.8
86,2016-11-11,3.8,3.86,3.79,3.8
87,2016-11-12,3.85,3.85,3.72,3.75
88,2016-11-13,3.77,3.94,3.65,3.86
89,2016-11-14,3.9,3.91,3.81,3.87
90,2016-11-15,3.87,3.96,3.84,3.87
91,2016-11-16,3.92,4.06,3.86,3.86
92,2016-11-17,3.95,3.97,3.81,3.9
93,2016-11-18,3.9,3.95,3.85,3.87
94,2016-11-19,3.87,3.99,3.85,3.92
95,2016-11-20,3.92,3.99,3.86,3.89
96,2016-11-21,3.89,3.93,3.87,3.93
97,2016-11-22,3.93,3.99,3.88,3.91
98,2016-11-23,3.9,3.97,3.87,3.9
99,2016-11-24,3.89,3.93,3.86,3.9
100,2016-11-25,3.9,3.91,3.85,3.87
101,2016-11-26,3.9,3.91,3.81,3.86
102,2016-11-27,3.86,3.89,3.82,3.87
103,2016-11-28,3.87,3.92,3.81,3.85
104,2016-11-29,3.84,3.91,3.81,3.84
105,2016-11-30,3.83,3.98,3.51,3.85
106,2016-12-01,3.85,3.89,3.84,3.88
107,2016-12-02,3.88,3.94,3.87,3.94
108,2016-12-03,3.93,3.94,3.87,3.87
109,2016-12-04,3.9,3.92,3.86,3.86
110,2016-12-05,3.9,3.91,3.32,3.5
111,2016-12-06,3.52,3.58,3.42,3.52
112,2016-12-07,3.53,3.86,3.49,3.67
113,2016-12-08,3.67,3.77,3.63,3.68
114,2016-12-09,3.68,3.74,3.61,3.74
115,2016-12-10,3.74,3.74,3.63,3.66
116,2016-12-11,3.7,3.7,3.61,3.64
117,2016-12-12,3.67,3.69,3.62,3.67
118,2016-12-13,3.64,3.68,3.62,3.65
119,2016-12-14,3.62,3.66,3.6,3.6
120,2016-12-15,3.6,3.7,3.5,3.5
121,2016-12-16,3.5,3.68,3.5,3.64
122,2016-12-17,3.64,3.72,3.6,3.72
123,2016-12-18,3.71,3.73,3.62,3.62
124,2016-12-19,3.62,3.71,3.61,3.66
125,2016-12-20,3.66,3.69,3.61,3.62
126,2016-12-21,3.65,3.91,3.62,3.65
127,2016-12-22,3.65,3.88,3.62,3.69
128,2016-12-23,3.69,4.39,3.65,4.39
129,2016-12-24,4.39,5.14,4.2,4.47
130,2016-12-25,4.47,4.49,4.08,4.3
131,2016-12-26,4.3,4.37,4.13,4.22
132,2016-12-27,4.23,4.52,4.18,4.33
133,2016-12-28,4.33,4.6,4.3,4.5
134,2016-12-29,4.53,5.0,4.4,4.69
135,2016-12-30,4.68,4.69,4.21,4.38
136,2016-12-31,4.35,4.48,4.28,4.35
137,2017-01-01,4.36,4.57,4.34,4.51
138,2017-01-02,4.51,4.9,4.4,4.59
139,2017-01-03,4.56,4.65,4.42,4.55
140,2017-01-04,4.54,5.99,4.45,4.54
141,2017-01-05,4.6,5.99,3.88,4.23
142,2017-01-06,4.24,4.39,3.83,3.87
143,2017-01-07,3.87,4.49,3.66,3.98
144,2017-01-08,3.99,4.4,3.99,4.03
145,2017-01-09,4.03,4.4,3.89,4.4
146,2017-01-10,4.39,4.75,4.04,4.65
147,2017-01-11,4.65,4.68,3.93,4.05
148,2017-01-12,4.02,4.14,3.79,4.0
149,2017-01-13,4.06,4.06,3.9,3.97
150,2017-01-14,3.96,4.25,3.92,4.0
151,2017-01-15,4.0,4.1,3.95,3.97
152,2017-01-16,3.97,3.98,3.88,3.88
153,2017-01-17,3.88,4.16,3.87,3.95
154,2017-01-18,3.93,3.95,3.81,3.89
155,2017-01-19,3.89,3.96,3.83,3.88
156,2017-01-20,3.89,3.95,3.86,3.88
157,2017-01-21,3.88,3.93,3.88,3.93
158,2017-01-22,3.91,3.97,3.85,3.85
159,2017-01-23,3.86,3.92,3.83,3.85
160,2017-01-24,3.84,3.89,3.77,3.77
161,2017-01-25,3.76,3.82,3.65,3.68
162,2017-01-26,3.68,3.98,3.68,3.87
163,2017-01-27,3.85,3.96,3.79,3.92
164,2017-01-28,3.91,3.92,3.85,3.87
165,2017-01-29,3.87,3.9,3.84,3.87
166,2017-01-30,3.88,4.08,3.83,4.05
167,2017-01-31,4.06,4.19,4.02,4.1
168,2017-02-01,4.1,4.15,3.95,4.01
169,2017-02-02,4.06,4.11,3.97,4.09
170,2017-02-03,4.09,4.12,3.91,4.03
171,2017-02-04,4.04,4.06,3.94,4.02
172,2017-02-05,4.02,4.03,3.91,3.96
173,2017-02-06,3.97,4.02,3.94,3.97
174,2017-02-07,4.0,4.02,3.94,4.0
175,2017-02-08,3.98,4.06,3.91,3.96
176,2017-02-09,3.96,3.99,3.62,3.76
177,2017-02-10,3.77,3.89,3.7,3.81
178,2017-02-11,3.83,3.88,3.82,3.84
179,2017-02-12,3.84,3.85,3.77,3.77
180,2017-02-13,3.78,3.83,3.74,3.77
181,2017-02-14,3.78,3.82,3.76,3.81
182,2017-02-15,3.8,3.91,3.8,3.89
183,2017-02-16,3.89,3.92,3.85,3.87
184,2017-02-17,3.89,3.95,3.85,3.91
185,2017-02-18,3.93,3.94,3.86,3.86
186,2017-02-19,3.86,3.86,3.76,3.81
187,2017-02-20,3.81,3.85,3.76,3.76
188,2017-02-21,3.78,3.89,3.76,3.86
189,2017-02-22,3.86,3.93,3.85,3.9
190,2017-02-23,3.89,3.94,3.89,3.93
191,2017-02-24,3.93,4.0,3.79,3.92
192,2017-02-25,3.93,3.98,3.83,3.91
193,2017-02-26,3.9,3.93,3.84,3.91
194,2017-02-27,3.91,3.93,3.85,3.87
195,2017-02-28,3.87,3.94,3.81,3.85
196,2017-03-01,3.85,3.95,3.8,3.9
197,2017-03-02,3.9,4.29,3.8,4.09
198,2017-03-03,4.05,4.5,4.01,4.1
199,2017-03-04,4.07,4.14,3.88,4.0
200,2017-03-05,4.01,4.04,3.94,4.01
201,2017-03-06,4.0,4.09,3.85,4.09
202,2017-03-07,4.03,4.26,3.9,3.98
203,2017-03-08,4.0,4.02,3.83,3.85
204,2017-03-09,3.85,3.95,3.83,3.9
205,2017-03-10,3.9,4.1,3.7,3.76
206,2017-03-11,3.77,3.95,3.72,3.82
207,2017-03-12,3.82,3.95,3.82,3.93
208,2017-03-13,3.93,4.59,3.89,4.35
209,2017-03-14,4.38,4.43,4.14,4.18
210,2017-03-15,4.19,4.45,4.1,4.36
211,2017-03-16,4.33,4.61,4.22,4.32
212,2017-03-17,4.31,4.35,4.0,4.14
213,2017-03-18,4.14,4.43,3.69,3.96
214,2017-03-19,3.96,4.15,3.85,3.99
215,2017-03-20,3.91,4.2,3.85,4.08
216,2017-03-21,4.08,4.2,3.95,4.04
217,2017-03-22,4.05,4.05,3.81,3.9
218,2017-03-23,3.91,4.03,3.9,3.98
219,2017-03-24,3.96,4.27,3.93,4.21
220,2017-03-25,4.2,4.5,3.97,4.09
221,2017-03-26,4.09,4.12,4.04,4.1
222,2017-03-27,4.1,4.19,4.03,4.09
223,2017-03-28,4.08,4.22,4.07,4.19
224,2017-03-29,4.2,4.5,4.12,4.34
225,2017-03-30,4.33,9.9,4.26,7.51
226,2017-03-31,7.56,7.9,5.75,7.17
227,2017-04-01,7.17,7.68,6.65,7.59
228,2017-04-02,7.56,8.88,7.03,8.19
229,2017-04-03,8.19,9.5,7.5,8.44
230,2017-04-04,8.43,9.78,8.35,9.21
231,2017-04-05,9.23,13.2,8.88,12.8
232,2017-04-06,12.8,13.75,9.7,10.72
233,2017-04-07,10.72,11.39,9.39,10.15
234,2017-04-08,10.16,11.39,9.83,10.88
235,2017-04-09,10.86,10.99,8.57,9.32
236,2017-04-10,9.36,10.12,8.89,9.87
237,2017-04-11,9.89,10.35,9.45,9.65
238,2017-04-12,9.66,12.23,9.66,11.72
239,2017-04-13,11.72,11.8,10.63,11.15
240,2017-04-14,11.15,11.84,11.03,11.63
241,2017-04-15,11.64,12.14,11.34,11.71
242,2017-04-16,11.99,11.99,10.46,11.7
243,2017-04-17,11.7,12.6,11.5,11.57
244,2017-04-18,11.6,11.73,10.27,10.82
245,2017-04-19,10.82,11.0,10.01,10.2
246,2017-04-20,10.19,11.4,10.15,10.93
247,2017-04-21,10.93,12.45,10.85,12.01
248,2017-04-22,12.05,16.0,12.0,14.04
249,2017-04-23,14.04,16.0,14.01,15.48
250,2017-04-24,15.41,15.52,14.3,14.99
251,2017-04-25,14.98,15.73,14.51,15.56
252,2017-04-26,15.59,16.17,14.69,15.0
253,2017-04-27,15.0,15.51,13.47,14.9
254,2017-04-28,14.91,15.12,14.5,14.87
255,2017-04-29,14.87,16.22,14.5,16.21
256,2017-04-30,16.21,16.74,15.8,16.27
257,2017-05-01,16.26,17.3,15.55,16.08
258,2017-05-02,16.08,16.62,15.5,16.18
259,2017-05-03,16.18,36.0,15.99,22.04
260,2017-05-04,21.98,29.75,21.75,24.18
261,2017-05-05,24.16,28.69,23.83,26.94
262,2017-05-06,26.93,28.88,26.01,28.8
263,2017-05-07,28.8,32.3,28.29,30.69
264,2017-05-08,30.69,30.92,28.04,29.0
265,2017-05-09,29.0,32.0,22.67,31.4
266,2017-05-10,31.44,38.91,30.01,33.4
267,2017-05-11,33.4,33.78,28.31,30.32
268,2017-05-12,30.31,31.59,25.06,28.35
269,2017-05-13,28.31,28.59,25.04,28.41
270,2017-05-14,28.4,30.6,27.75,28.49
271,2017-05-15,28.49,29.11,25.27,25.95
272,2017-05-16,25.94,26.01,21.0,23.89
273,2017-05-17,23.89,26.5,20.31,24.32
274,2017-05-18,24.32,29.41,24.15,28.79
275,2017-05-19,28.78,28.92,26.32,26.67
276,2017-05-20,26.67,27.98,26.67,27.38
277,2017-05-21,27.4,28.68,25.44,26.23
278,2017-05-22,26.25,26.99,22.5,24.48
279,2017-05-23,24.33,31.78,23.33,30.2
280,2017-05-24,30.2,35.88,30.18,34.08
281,2017-05-25,34.08,35.5,25.26,30.99
282,2017-05-26,30.98,32.0,24.31,25.92
283,2017-05-27,26.03,26.96,19.08,23.51
284,2017-05-28,23.5,26.95,23.06,24.39
285,2017-05-29,24.39,26.72,23.68,25.82
286,2017-05-30,25.86,26.5,23.52,23.94
287,2017-05-31,23.93,26.22,23.5,25.97
288,2017-06-01,25.95,29.94,25.61,27.02
289,2017-06-02,27.03,28.95,26.56,27.8
290,2017-06-03,27.79,28.3,26.79,27.72
291,2017-06-04,27.75,27.9,26.79,27.6
292,2017-06-05,27.6,31.8,27.53,30.25
293,2017-06-06,30.24,31.33,28.08,29.84
294,2017-06-07,29.84,30.8,27.65,28.86
295,2017-06-08,28.83,30.85,27.99,30.43
296,2017-06-09,30.44,30.9,29.6,29.6
297,2017-06-10,29.61,30.13,29.0,29.51
298,2017-06-11,29.51,35.5,29.39,33.68
299,2017-06-12,33.68,34.4,27.0,28.75
300,2017-06-13,28.74,30.65,28.71,29.75
301,2017-06-14,29.76,32.0,27.5,28.59
302,2017-06-15,28.6,29.4,24.42,28.95
303,2017-06-16,28.95,33.87,27.65,32.58
304,2017-06-17,32.58,49.0,32.58,47.47
305,2017-06-18,47.46,47.69,39.56,42.34
306,2017-06-19,42.36,49.99,42.08,48.39
307,2017-06-20,48.39,48.45,42.5,45.83
308,2017-06-21,45.93,46.19,41.5,42.75
309,2017-06-22,42.74,47.89,41.92,45.88
310,2017-06-23,45.95,46.96,45.52,45.87
311,2017-06-24,45.88,46.2,42.05,43.09
312,2017-06-25,43.09,43.76,38.27,40.38
313,2017-06-26,40.41,41.98,33.38,38.6
314,2017-06-27,38.6,39.77,33.61,39.59
315,2017-06-28,39.6,43.44,37.3,41.74
316,2017-06-29,41.74,42.5,39.6,40.64
317,2017-06-30,40.64,41.2,39.22,39.57
318,2017-07-01,39.56,39.83,37.4,37.86
319,2017-07-02,37.86,41.99,37.15,41.3
320,2017-07-03,41.34,47.7,40.6,45.86
321,2017-07-04,45.84,53.85,45.51,53.19
322,2017-07-05,53.19,57.75,49.01,53.2
323,2017-07-06,53.19,53.75,50.01,51.52
324,2017-07-07,51.52,51.7,44.28,45.25
325,2017-07-08,45.25,51.77,44.18,51.25
326,2017-07-09,51.25,52.61,49.3,49.61
327,2017-07-10,49.62,49.98,44.1,44.86
328,2017-07-11,44.85,46.78,41.38,44.27
329,2017-07-12,44.23,48.48,42.1,47.16
330,2017-07-13,47.15,47.88,44.1,45.25
331,2017-07-14,45.25,45.73,40.0,42.31
332,2017-07-15,42.27,42.99,37.5,39.46
333,2017-07-16,39.46,40.51,34.78,40.51
334,2017-07-17,40.51,43.08,39.72,42.52
335,2017-07-18,42.52,45.0,40.56,43.2
336,2017-07-19,43.21,43.96,39.68,40.44
337,2017-07-20,40.46,45.0,39.68,44.76
338,2017-07-21,44.79,47.93,44.0,45.75
339,2017-07-22,45.76,47.52,44.43,47.36
340,2017-07-23,47.31,47.48,44.1,44.91
341,2017-07-24,44.9,45.49,44.41,45.09
342,2017-07-25,45.11,45.15,40.23,41.42
343,2017-07-26,41.42,43.0,40.4,41.9
344,2017-07-27,41.89,42.3,40.8,42.1
345,2017-07-28,42.09,42.17,40.1,40.14
346,2017-07-29,40.23,41.5,38.28,40.79
347,2017-07-30,40.77,42.16,39.56,40.76
348,2017-07-31,40.75,43.8,38.4,42.36
349,2017-08-01,42.36,43.84,41.18,43.33
350,2017-08-02,43.34,43.34,41.52,41.68
351,2017-08-03,41.67,42.87,41.57,42.42
352,2017-08-04,42.42,43.49,42.34,43.01
353,2017-08-05,43.01,47.09,43.0,45.47
354,2017-08-06,45.47,46.65,44.78,45.3
355,2017-08-07,45.29,46.5,45.01,45.9
356,2017-08-08,45.91,49.87,45.75,49.11
357,2017-08-09,49.11,49.98,46.66,47.56
358,2017-08-10,47.57,48.6,47.01,47.83
359,2017-08-11,47.83,47.84,46.6,47.39
360,2017-08-12,47.39,47.8,46.02,46.1
361,2017-08-13,46.09,47.38,44.05,45.27
362,2017-08-14,45.27,46.34,44.82,45.51
363,2017-08-15,45.51,45.88,41.65,43.51
364,2017-08-16,43.51,44.94,42.01,44.05
365,2017-08-17,44.05,44.7,43.13,44.06
366,2017-08-18,44.02,47.99,43.29,44.74
367,2017-08-19,44.73,47.0,43.76,45.2
368,2017-08-20,45.2,47.15,44.07,46.81
369,2017-08-21,46.81,48.73,44.9,48.73
370,2017-08-22,48.73,48.87,44.65,46.55
371,2017-08-23,46.55,55.0,46.08,51.54
372,2017-08-24,51.53,53.46,50.23,50.91
373,2017-08-25,50.91,52.2,50.1,51.25
374,2017-08-26,51.25,52.0,50.0,51.73
375,2017-08-27,51.72,64.67,51.05,61.52
376,2017-08-28,61.51,64.73,58.76,62.51
377,2017-08-29,62.51,64.45,61.25,63.86
378,2017-08-30,63.87,63.99,62.0,63.86
379,2017-08-31,63.86,74.8,63.74,74.1
380,2017-09-01,74.11,98.28,71.43,85.61
381,2017-09-02,85.62,93.85,73.87,77.29
382,2017-09-03,77.23,84.91,77.05,79.62
383,2017-09-04,79.62,80.15,64.0,72.66
384,2017-09-05,72.67,74.7,66.0,74.0
385,2017-09-06,74.0,82.7,73.7,81.68
386,2017-09-07,81.68,82.75,77.37,80.94
387,2017-09-08,80.94,82.25,68.12,73.34
388,2017-09-09,73.34,74.93,69.1,72.1
389,2017-09-10,72.11,72.66,65.02,68.31
390,2017-09-11,68.31,71.55,65.5,68.36
391,2017-09-12,68.35,71.93,65.02,67.17
392,2017-09-13,67.15,67.16,57.74,62.68
393,2017-09-14,62.69,62.88,46.28,47.44
394,2017-09-15,47.46,62.41,33.56,53.27
395,2017-09-16,53.29,59.0,50.35,52.61
396,2017-09-17,52.61,54.1,47.87,52.1
397,2017-09-18,52.1,58.0,51.32,56.25
398,2017-09-19,56.26,56.86,51.38,53.28
399,2017-09-20,53.26,54.6,51.11,52.7
400,2017-09-21,52.7,52.75,45.18,46.77
401,2017-09-22,46.77,49.72,45.0,47.71
402,2017-09-23,47.72,50.33,46.45,49.07
403,2017-09-24,49.07,49.58,47.06,47.84
404,2017-09-25,47.84,53.52,47.52,52.33
405,2017-09-26,52.34,54.41,51.5,52.51
406,2017-09-27,52.51,57.45,52.32,56.64
407,2017-09-28,56.64,57.36,54.07,54.91
408,2017-09-29,54.91,54.98,50.35,52.93
409,2017-09-30,52.92,55.92,52.39,55.35
410,2017-10-01,55.36,55.36,53.5,54.87
411,2017-10-02,54.87,55.08,52.58,53.01
412,2017-10-03,53.01,53.59,51.35,52.04
413,2017-10-04,52.04,53.0,50.5,51.57
414,2017-10-05,51.58,51.94,50.25,51.93
415,2017-10-06,51.94,52.73,51.4,51.99
416,2017-10-07,52.0,52.49,51.6,52.49
417,2017-10-08,52.49,54.79,52.4,53.25
418,2017-10-09,53.25,53.44,48.15,50.05
419,2017-10-10,50.05,51.48,49.51,50.48
420,2017-10-11,50.48,51.0,50.08,50.74
421,2017-10-12,50.74,59.2,50.66,56.64
422,2017-10-13,56.64,60.96,55.25,58.49
423,2017-10-14,58.49,66.85,58.3,64.79
424,2017-10-15,64.78,69.59,62.06,66.3
425,2017-10-16,66.3,66.83,62.33,64.08
426,2017-10-17,64.09,65.44,58.52,59.13
427,2017-10-18,59.12,61.85,52.9,60.79
428,2017-10-19,60.79,61.42,58.34,59.91
429,2017-10-20,59.92,62.2,58.52,60.34
430,2017-10-21,60.34,60.55,56.2,58.41
431,2017-10-22,58.42,58.89,56.12,56.41
432,2017-10-23,56.42,56.97,52.45,54.49
433,2017-10-24,54.5,59.19,52.5,56.15
434,2017-10-25,56.16,56.22,53.55,55.45
435,2017-10-26,55.45,57.16,54.75,55.74
436,2017-10-27,55.74,56.15,54.75,55.06
437,2017-10-28,55.06,55.88,54.0,54.47
438,2017-10-29,54.47,58.0,54.26,56.92
439,2017-10-30,56.92,58.39,56.0,56.01
440,2017-10-31,56.01,56.81,55.4,55.59
441,2017-11-01,55.59,55.78,53.58,53.65
442,2017-11-02,53.65,54.85,50.25,53.27
443,2017-11-03,53.27,56.36,53.19,56.18
444,2017-11-04,56.18,56.3,54.62,54.87
445,2017-11-05,54.88,55.53,54.25,54.8
446,2017-11-06,54.8,55.85,53.37,54.87
447,2017-11-07,54.89,63.71,54.6,61.06
448,2017-11-08,61.07,64.3,59.6,62.23
449,2017-11-09,62.24,67.24,61.79,64.67
450,2017-11-10,64.68,65.94,56.13,60.25
451,2017-11-11,60.21,63.99,58.86,61.82
452,2017-11-12,61.81,62.6,57.08,57.62
453,2017-11-13,57.62,62.42,57.5,60.93
454,2017-11-14,60.93,63.57,60.51,62.37
455,2017-11-15,62.38,65.43,62.1,63.3
456,2017-11-16,63.3,68.82,62.52,67.25
457,2017-11-17,67.25,72.5,65.52,68.04
458,2017-11-18,68.05,68.97,65.62,68.75
459,2017-11-19,68.76,73.4,68.55,71.82
460,2017-11-20,71.81,73.25,71.13,73.03
461,2017-11-21,73.04,73.04,68.0,69.23
462,2017-11-22,69.23,71.98,69.22,71.97
463,2017-11-23,71.96,77.96,71.07,74.86
464,2017-11-24,74.85,76.69,72.51,76.2
465,2017-11-25,76.2,89.88,76.2,88.73
466,2017-11-26,88.73,89.86,84.11,86.89
467,2017-11-27,86.89,93.89,86.4,90.5
468,2017-11-28,90.51,94.88,89.96,93.87
469,2017-11-29,93.86,103.54,76.01,89.13
470,2017-11-30,89.13,93.5,78.0,87.69
471,2017-12-01,87.7,100.77,82.0,97.91
472,2017-12-02,97.91,104.75,96.91,100.3
473,2017-12-03,100.31,107.49,97.0,101.29
474,2017-12-04,101.29,103.5,95.36,102.93
475,2017-12-05,102.91,104.5,101.05,101.84
476,2017-12-06,101.84,103.9,98.01,98.47
477,2017-12-07,98.47,102.48,95.01,98.0
478,2017-12-08,98.0,144.75,95.8,128.67
479,2017-12-09,128.68,199.0,127.25,158.6
480,2017-12-10,158.6,160.95,135.45,147.47
481,2017-12-11,147.94,235.0,147.56,227.9
482,2017-12-12,227.9,420.0,210.15,353.2
483,2017-12-13,353.2,372.55,275.0,314.2
484,2017-12-14,314.2,324.62,256.1,276.52
485,2017-12-15,276.52,322.97,252.22,304.99
486,2017-12-16,304.99,314.97,280.0,299.11
487,2017-12-17,299.44,334.87,298.5,328.49
488,2017-12-18,328.49,366.9,305.77,363.06
489,2017-12-19,363.05,380.0,324.67,345.26
490,2017-12-20,345.26,353.0,275.0,305.45
491,2017-12-21,305.49,327.99,291.0,308.09
492,2017-12-22,308.09,311.99,144.0,292.42
493,2017-12-23,292.42,321.85,251.2,296.25
494,2017-12-24,296.25,301.99,254.0,274.51
495,2017-12-25,274.27,287.4,271.12,273.5
496,2017-12-26,273.5,286.99,273.02,279.45
497,2017-12-27,279.45,286.46,252.81,262.58
498,2017-12-28,262.52,266.0,223.59,243.41
499,2017-12-29,243.41,259.5,236.5,248.86
500,2017-12-30,248.87,248.94,206.0,222.5
501,2017-12-31,222.51,237.88,210.0,231.48
502,2018-01-01,231.48,232.29,217.66,227.12
503,2018-01-02,227.13,262.0,225.2,252.2
504,2018-01-03,252.2,258.54,240.56,243.12
505,2018-01-04,243.13,246.0,226.79,235.94
506,2018-01-05,235.85,251.97,235.6,246.01
507,2018-01-06,246.01,304.0,245.0,281.26
508,2018-01-07,281.25,286.95,265.24,275.95
509,2018-01-08,275.89,276.97,231.42,252.35
510,2018-01-09,252.37,258.75,238.75,245.51
511,2018-01-10,245.5,249.67,232.51,243.17
512,2018-01-11,243.17,253.42,219.07,225.84
513,2018-01-12,225.71,241.99,220.0,233.9
514,2018-01-13,233.9,261.88,233.88,261.88
515,2018-01-14,261.88,268.0,233.82,241.24
516,2018-01-15,241.22,244.2,235.0,235.94
517,2018-01-16,235.95,235.95,146.6,182.95
518,2018-01-17,183.23,216.0,135.0,189.99
519,2018-01-18,190.0,211.0,176.31,192.59
520,2018-01-19,192.58,203.0,187.1,189.47
521,2018-01-20,189.47,214.88,189.47,212.03
522,2018-01-21,212.03,212.04,183.12,187.44
523,2018-01-22,187.44,194.7,165.5,177.36
524,2018-01-23,177.37,186.03,165.01,180.71
525,2018-01-24,180.72,184.69,172.23,179.0
526,2018-01-25,179.0,184.8,175.0,179.58
527,2018-01-26,179.59,181.71,166.15,173.01
528,2018-01-27,173.01,182.0,173.0,179.99
529,2018-01-28,180.0,192.47,178.25,190.62
530,2018-01-29,190.62,191.75,175.56,178.51
531,2018-01-30,178.51,179.9,158.2,166.34
532,2018-01-31,166.34,166.5,155.0,160.59
533,2018-02-01,160.58,164.9,125.0,139.0
534,2018-02-02,139.0,142.43,100.2,130.54
535,2018-02-03,130.55,166.6,120.12,155.97
536,2018-02-04,155.96,175.0,137.0,152.82
537,2018-02-05,152.82,153.87,112.0,123.33
538,2018-02-06,123.47,147.98,103.65,142.01
539,2018-02-07,142.08,160.0,130.6,142.5
540,2018-02-08,142.5,151.0,136.65,148.17
541,2018-02-09,148.17,162.5,142.09,158.54
542,2018-02-10,158.54,169.49,148.02,156.06
543,2018-02-11,156.06,156.07,142.26,153.8
544,2018-02-12,153.8,163.28,147.62,161.6
545,2018-02-13,161.6,163.0,153.4,158.7
546,2018-02-14,158.7,219.0,157.99,214.39
547,2018-02-15,214.39,237.72,206.25,216.41
548,2018-02-16,216.4,234.75,210.55,230.15
549,2018-02-17,230.15,233.0,225.03,230.72
550,2018-02-18,230.72,232.75,212.45,216.47
551,2018-02-19,216.55,225.96,213.0,221.88
552,2018-02-20,221.88,251.9,220.55,233.6
553,2018-02-21,233.6,235.19,204.71,211.33
554,2018-02-22,211.3,221.49,188.56,194.67
555,2018-02-23,194.67,215.8,182.55,208.92
556,2018-02-24,208.91,218.65,194.85,202.34
557,2018-02-25,202.33,223.53,200.35,219.65
558,2018-02-26,219.65,231.5,214.43,221.0
559,2018-02-27,221.0,222.85,212.1,217.1
560,2018-02-28,217.03,223.7,205.02,205.03
561,2018-03-01,205.03,214.88,200.48,210.56
562,2018-03-02,210.56,213.3,204.58,207.67
563,2018-03-03,207.66,217.5,207.66,210.5
564,2018-03-04,210.49,212.75,205.2,211.73
565,2018-03-05,211.72,214.92,209.2,211.26
566,2018-03-06,211.26,211.27,191.34,198.68
567,2018-03-07,198.68,199.35,173.82,185.36
568,2018-03-08,185.36,188.5,174.2,174.49
569,2018-03-09,174.5,190.0,157.27,188.38
570,2018-03-10,188.38,194.47,176.1,178.74
571,2018-03-11,178.74,192.85,172.3,188.27
572,2018-03-12,188.28,192.89,175.0,177.47
573,2018-03-13,177.59,182.0,171.3,175.96
574,2018-03-14,175.96,177.9,157.5,161.0
575,2018-03-15,161.0,167.77,150.0,166.36
576,2018-03-16,166.36,172.0,158.56,168.26
577,2018-03-17,168.25,168.74,151.18,156.0
578,2018-03-18,156.0,157.5,137.12,153.15
579,2018-03-19,153.15,164.0,150.46,159.1
580,2018-03-20,159.1,174.0,155.56,169.01
581,2018-03-21,169.0,175.5,165.14,166.97
582,2018-03-22,166.97,172.5,160.11,163.05
583,2018-03-23,163.05,164.75,157.06,164.25
584,2018-03-24,164.25,169.5,160.5,160.66
585,2018-03-25,160.66,163.08,157.69,160.99
586,2018-03-26,161.0,161.0,142.0,150.64
587,2018-03-27,150.64,152.25,138.15,139.5
588,2018-03-28,139.5,139.99,130.11,131.86
589,2018-03-29,131.86,132.54,112.0,117.47
590,2018-03-30,117.47,126.91,109.27,116.98
591,2018-03-31,116.98,125.8,116.17,116.66
592,2018-04-01,116.65,118.83,110.01,114.63
593,2018-04-02,114.63,121.62,113.84,118.68
594,2018-04-03,118.68,137.89,118.03,132.36
595,2018-04-04,132.35,135.15,115.5,117.92
596,2018-04-05,117.91,122.87,113.75,119.42
597,2018-04-06,119.42,120.5,112.15,112.2
598,2018-04-07,112.22,119.59,112.1,116.59
599,2018-04-08,116.58,118.39,115.02,117.54
600,2018-04-09,117.54,122.97,113.01,114.43
601,2018-04-10,114.44,115.39,112.0,113.75
602,2018-04-11,113.74,115.99,113.21,114.79
603,2018-04-12,114.8,129.77,113.3,129.5
604,2018-04-13,129.5,133.5,124.0,126.18
605,2018-04-14,126.18,129.96,124.3,127.59
606,2018-04-15,127.59,132.77,125.82,132.0
607,2018-04-16,132.0,133.36,125.11,127.55
608,2018-04-17,127.56,140.55,127.55,133.7
609,2018-04-18,133.76,141.64,132.11,139.8
610,2018-04-19,139.79,147.74,138.88,145.91
611,2018-04-20,145.9,156.24,143.31,154.9
612,2018-04-21,154.91,157.1,141.02,146.6
613,2018-04-22,146.59,153.0,145.01,148.89
614,2018-04-23,148.88,153.24,146.01,151.8
615,2018-04-24,151.8,165.87,151.65,165.4
616,2018-04-25,165.4,165.79,138.8,146.23
617,2018-04-26,146.22,154.0,142.2,153.4
618,2018-04-27,153.5,154.65,145.29,147.59
619,2018-04-28,147.58,152.94,145.0,152.3
620,2018-04-29,152.29,156.39,148.22,153.04
621,2018-04-30,153.04,153.79,147.5,147.99
622,2018-05-01,148.0,148.46,142.73,146.95
623,2018-05-02,146.89,152.88,146.53,152.21
624,2018-05-03,152.22,163.35,150.55,161.22
625,2018-05-04,161.21,171.28,157.19,169.95
626,2018-05-05,169.95,182.35,167.03,177.49
627,2018-05-06,177.48,181.95,165.1,170.96
628,2018-05-07,170.95,171.88,157.25,163.43
629,2018-05-08,163.44,168.1,157.01,158.86
630,2018-05-09,158.86,160.33,151.05,157.4
631,2018-05-10,157.4,160.45,150.56,151.5
632,2018-05-11,151.49,151.5,133.52,136.29
633,2018-05-12,136.29,145.0,131.88,142.24
634,2018-05-13,142.25,146.73,137.2,145.84
635,2018-05-14,145.83,152.94,134.5,145.25
636,2018-05-15,145.25,149.72,138.1,138.83
637,2018-05-16,138.83,140.99,135.0,138.31
638,2018-05-17,138.32,141.76,131.37,132.83
639,2018-05-18,132.83,137.6,129.1,136.26
640,2018-05-19,136.25,138.01,133.25,134.0
641,2018-05-20,134.06,140.7,132.2,138.79
642,2018-05-21,138.79,139.98,133.53,134.78
643,2018-05-22,134.78,135.75,127.6,128.03
644,2018-05-23,128.12,129.35,116.27,120.1
645,2018-05-24,120.1,125.25,115.11,123.77
646,2018-05-25,123.76,124.44,117.28,117.94
647,2018-05-26,117.93,122.63,117.5,118.12
648,2018-05-27,118.12,118.98,116.51,117.59
649,2018-05-28,117.59,118.95,110.51,111.67
650,2018-05-29,111.78,122.7,110.0,118.89
651,2018-05-30,118.9,122.86,115.0,116.9
652,2018-05-31,116.9,120.99,116.49,117.64
653,2018-06-01,117.64,120.82,117.0,119.8
654,2018-06-02,119.81,124.46,118.52,123.33
655,2018-06-03,123.33,127.95,122.56,125.0
656,2018-06-04,125.0,126.69,118.22,119.65
657,2018-06-05,119.65,122.5,116.17,122.49
658,2018-06-06,122.49,122.67,118.48,121.07
659,2018-06-07,121.07,123.48,119.45,120.4
660,2018-06-08,120.4,121.95,118.59,120.41
661,2018-06-09,120.35,120.95,118.06,118.32
662,2018-06-10,118.33,118.5,103.35,103.91
663,2018-06-11,103.75,109.02,103.2,106.35
664,2018-06-12,106.35,107.95,97.5,99.98
665,2018-06-13,99.87,100.57,89.25,93.93
666,2018-06-14,93.93,103.06,93.0,100.74
667,2018-06-15,100.75,101.4,95.09,95.12
668,2018-06-16,95.12,97.64,92.79,97.53
669,2018-06-17,97.53,98.0,95.1,95.64
670,2018-06-18,95.64,99.7,93.2,98.76
671,2018-06-19,98.75,101.65,96.86,98.31
672,2018-06-20,98.42,99.0,95.51,97.64
673,2018-06-21,97.63,99.17,96.15,96.8
674,2018-06-22,96.8,96.81,80.29,85.52
675,2018-06-23,85.63,87.11,81.59,83.57
676,2018-06-24,83.51,83.75,73.46,81.38
677,2018-06-25,81.39,84.49,78.8,81.78
678,2018-06-26,81.77,82.55,76.86,77.38
679,2018-06-27,77.37,80.93,74.85,80.64
680,2018-06-28,80.64,81.97,76.1,76.58
681,2018-06-29,76.59,80.46,72.43,79.86
682,2018-06-30,79.86,84.5,78.56,79.79
683,2018-07-01,79.79,81.39,77.72,79.86
684,2018-07-02,79.85,86.98,78.32,86.0
685,2018-07-03,86.01,90.0,84.25,84.55
686,2018-07-04,84.55,89.0,83.51,86.17
687,2018-07-05,86.17,86.81,82.0,82.95
688,2018-07-06,82.95,84.01,80.76,82.53
689,2018-07-07,82.53,83.4,79.42,80.87
690,2018-07-08,80.87,85.72,80.87,83.55
691,2018-07-09,83.54,83.56,80.76,81.59
692,2018-07-10,81.57,81.74,74.51,76.54
693,2018-07-11,76.53,80.84,74.82,77.5
694,2018-07-12,77.5,78.35,74.5,75.36
695,2018-07-13,75.37,78.49,74.52,76.58
696,2018-07-14,76.59,77.44,75.68,76.4
697,2018-07-15,76.35,79.25,75.36,78.61
698,2018-07-16,78.61,83.72,77.8,82.82
699,2018-07-17,82.82,90.07,81.55,89.24
700,2018-07-18,89.25,94.39,85.11,86.63
701,2018-07-19,86.63,88.9,85.01,86.94
702,2018-07-20,86.94,87.15,81.0,81.93
703,2018-07-21,81.97,84.69,79.77,84.05
704,2018-07-22,84.06,84.1,81.81,82.42
705,2018-07-23,82.42,85.8,81.59,81.95
706,2018-07-24,81.94,89.0,81.0,88.71
707,2018-07-25,88.72,90.6,84.82,87.13
708,2018-07-26,87.13,87.87,83.2,83.28
709,2018-07-27,83.29,85.03,81.6,84.76
710,2018-07-28,84.76,85.15,82.51,83.85
711,2018-07-29,83.84,85.25,83.41,83.69
712,2018-07-30,83.7,84.7,79.76,82.25
713,2018-07-31,82.25,82.43,76.01,78.21
714,2018-08-01,78.2,79.31,75.97,77.71
715,2018-08-02,77.71,78.39,75.51,76.39
716,2018-08-03,76.38,77.8,75.0,77.59
717,2018-08-04,77.59,78.0,72.32,73.15
718,2018-08-05,73.22,74.71,72.41,74.49
719,2018-08-06,74.49,76.84,72.51,73.12
720,2018-08-07,73.14,75.5,66.6,68.2
721,2018-08-08,68.2,68.21,61.01,61.82
722,2018-08-09,61.83,65.14,60.25,64.76
723,2018-08-10,64.76,64.77,58.1,58.69
724,2018-08-11,58.68,60.32,55.13,60.29
725,2018-08-12,60.29,61.8,57.35,59.53
726,2018-08-13,59.54,60.6,55.72,56.61
727,2018-08-14,56.62,56.8,49.33,52.58
728,2018-08-15,52.58,59.44,52.58,55.51
729,2018-08-16,55.5,57.68,54.0,55.08
730,2018-08-17,55.08,61.81,54.77,61.51
731,2018-08-18,61.51,62.6,55.66,56.89
732,2018-08-19,56.89,58.98,56.4,58.1
733,2018-08-20,58.1,58.55,53.4,54.43
734,2018-08-21,54.43,56.78,53.15,56.63
735,2018-08-22,56.63,59.21,54.01,55.25
736,2018-08-23,55.24,57.91,54.67,57.1
737,2018-08-24,57.08,58.36,55.55,57.93
738,2018-08-25,57.93,58.36,57.08,57.8
739,2018-08-26,57.84,58.2,56.02,56.75
740,2018-08-27,56.74,58.9,56.64,58.9
741,2018-08-28,58.82,63.91,58.72,63.14
742,2018-08-29,63.15,63.63,60.27,61.89
743,2018-08-30,61.89,61.95,58.58,60.02
744,2018-08-31,60.02,62.8,59.55,62.06
745,2018-09-01,62.12,67.96,62.01,66.53
746,2018-09-02,66.53,66.85,64.1,65.8
747,2018-09-03,65.79,66.51,64.44,65.04
748,2018-09-04,65.07,69.44,65.07,68.35
749,2018-09-05,68.35,68.35,59.2,60.3
750,2018-09-06,60.3,60.4,53.79,56.86
751,2018-09-07,56.86,58.93,55.01,56.1
752,2018-09-08,56.1,57.28,51.77,52.82
753,2018-09-09,52.84,56.74,52.17,54.76
754,2018-09-10,54.76,56.49,53.05,53.73
755,2018-09-11,53.73,54.81,50.0,51.59
756,2018-09-12,51.59,52.08,47.19,51.89
757,2018-09-13,51.87,55.2,51.25,54.24
758,2018-09-14,54.19,58.9,52.92,57.55
759,2018-09-15,57.55,58.73,55.55,56.55
760,2018-09-16,56.56,57.45,54.45,57.29
761,2018-09-17,57.26,57.85,51.44,51.77
762,2018-09-18,51.78,55.49,50.55,54.15
763,2018-09-19,54.14,54.98,51.7,54.15
764,2018-09-20,54.15,56.89,53.37,56.89
765,2018-09-21,56.87,62.75,56.18,60.9
766,2018-09-22,60.91,61.68,58.11,60.5
767,2018-09-23,60.5,63.47,59.83,61.7
768,2018-09-24,61.69,61.7,57.07,58.02
769,2018-09-25,58.03,58.08,54.33,57.48
770,2018-09-26,57.49,59.78,56.37,57.65
771,2018-09-27,57.65,65.6,56.68,62.88
772,2018-09-28,62.89,64.68,60.12,61.65
773,2018-09-29,61.65,62.39,59.05,61.31
774,2018-09-30,61.31,62.99,59.76,61.06
775,2018-10-01,61.05,61.8,59.22,60.01
776,2018-10-02,60.0,61.3,58.6,59.55
777,2018-10-03,59.54,59.64,56.55,56.97
778,2018-10-04,56.98,58.91,56.96,58.09
779,2018-10-05,58.09,59.45,57.23,58.68
780,2018-10-06,58.67,58.72,56.7,57.58
781,2018-10-07,57.57,58.14,56.85,57.44
782,2018-10-08,57.45,59.79,57.36,59.04
783,2018-10-09,59.05,59.4,58.02,58.47
784,2018-10-10,58.46,58.47,56.85,57.4
785,2018-10-11,57.42,57.5,50.24,51.6
786,2018-10-12,51.66,53.32,50.04,53.0
787,2018-10-13,53.0,53.85,52.52,53.13
788,2018-10-14,53.12,53.35,51.56,51.86
789,2018-10-15,51.86,56.77,51.01,53.45
790,2018-10-16,53.45,54.23,52.54,52.86
791,2018-10-17,52.87,53.31,52.25,52.7
792,2018-10-18,52.71,53.39,51.01,51.45
793,2018-10-19,51.48,53.12,51.47,52.51
794,2018-10-20,52.5,53.0,52.08,52.88
795,2018-10-21,52.87,53.11,52.2,52.24
796,2018-10-22,52.23,52.49,51.4,51.85
797,2018-10-23,51.85,52.49,51.4,52.07
798,2018-10-24,52.06,52.59,51.7,51.82
799,2018-10-25,51.82,51.96,51.54,51.81
800,2018-10-26,51.81,52.38,51.16,51.52
801,2018-10-27,51.51,51.82,51.3,51.58
802,2018-10-28,51.57,51.66,51.11,51.19
803,2018-10-29,51.19,51.63,47.34,48.78
804,2018-10-30,48.76,49.15,48.25,48.9
805,2018-10-31,48.9,50.32,47.6,49.55
806,2018-11-01,49.56,50.45,49.35,50.27
807,2018-11-02,50.26,51.66,50.04,50.95
808,2018-11-03,50.95,51.3,50.34,50.72
809,2018-11-04,50.73,55.94,50.47,53.69
810,2018-11-05,53.73,54.7,52.58,53.14
811,2018-11-06,53.14,55.45,53.12,55.3
812,2018-11-07,55.3,56.4,53.3,53.91
813,2018-11-08,53.91,54.45,52.14,52.18
814,2018-11-09,52.18,52.53,51.07,51.37
815,2018-11-10,51.36,52.23,51.35,51.91
816,2018-11-11,51.92,51.99,49.5,50.22
817,2018-11-12,50.21,51.34,50.0,50.2
818,2018-11-13,50.2,50.43,48.31,48.85
819,2018-11-14,48.86,49.95,40.0,42.07
820,2018-11-15,42.06,43.74,39.41,42.97
821,2018-11-16,42.97,43.61,41.54,41.59
822,2018-11-17,41.57,41.88,41.15,41.5
823,2018-11-18,41.49,42.95,41.45,41.57
824,2018-11-19,41.57,41.87,34.73,35.65
825,2018-11-20,35.63,37.5,30.25,31.77
826,2018-11-21,31.77,34.14,31.06,33.22
827,2018-11-22,33.28,34.7,32.6,32.96
828,2018-11-23,32.97,33.01,30.33,32.02
829,2018-11-24,32.02,32.98,27.67,28.2
830,2018-11-25,28.2,31.92,26.37,30.2
831,2018-11-26,30.17,31.8,27.56,28.67
832,2018-11-27,28.68,31.32,28.23,30.93
833,2018-11-28,30.94,36.0,30.7,34.09
834,2018-11-29,34.05,35.4,32.7,33.28
835,2018-11-30,33.28,34.15,30.67,31.41
836,2018-12-01,31.42,34.8,31.02,34.11
837,2018-12-02,34.14,34.6,32.78,33.34
838,2018-12-03,33.33,33.45,29.56,30.74
839,2018-12-04,30.74,31.86,29.5,30.65
840,2018-12-05,30.65,31.06,28.62,28.98
841,2018-12-06,28.93,30.2,27.04,27.04
842,2018-12-07,27.07,27.36,22.24,24.9
843,2018-12-08,24.9,26.7,22.95,24.34
844,2018-12-09,24.33,26.62,23.95,25.11
845,2018-12-10,25.11,25.65,23.55,24.1
846,2018-12-11,24.09,24.38,22.72,23.33
847,2018-12-12,23.33,24.89,23.01,23.99
848,2018-12-13,23.99,24.17,22.68,22.86
849,2018-12-14,22.85,23.46,22.17,23.23
850,2018-12-15,23.24,23.83,22.89,23.54
851,2018-12-16,23.54,26.67,23.32,25.25
852,2018-12-17,25.26,30.48,25.04,28.5
853,2018-12-18,28.5,29.6,27.71,28.97
854,2018-12-19,28.97,31.59,28.64,29.07
855,2018-12-20,29.05,33.2,28.66,32.05
856,2018-12-21,32.06,33.06,29.62,29.88
857,2018-12-22,29.88,31.15,29.73,30.82
858,2018-12-23,30.82,33.84,30.81,33.34
859,2018-12-24,33.35,36.78,32.6,34.42
860,2018-12-25,34.42,34.55,29.66,30.53
861,2018-12-26,30.55,31.89,28.87,30.27
862,2018-12-27,30.27,31.09,27.48,27.69
863,2018-12-28,27.67,33.53,27.5,31.45
864,2018-12-29,31.45,33.24,30.84,32.35
865,2018-12-30,32.36,33.0,29.95,31.47
866,2018-12-31,31.48,31.64,29.42,29.68
867,2019-01-01,29.68,31.62,29.11,31.17
868,2019-01-02,31.17,33.29,31.15,33.29
869,2019-01-03,33.24,33.64,31.0,31.7
870,2019-01-04,31.71,32.64,31.01,31.98
871,2019-01-05,31.99,36.11,31.98,34.65
872,2019-01-06,34.63,40.12,34.06,38.84
873,2019-01-07,38.85,39.48,37.21,37.43
874,2019-01-08,37.37,41.27,37.25,38.97
875,2019-01-09,38.97,40.03,38.31,38.89
876,2019-01-10,38.89,39.25,31.91,33.4
877,2019-01-11,33.4,33.71,30.43,31.5
878,2019-01-12,31.49,32.61,31.12,31.96
879,2019-01-13,31.96,32.88,29.72,29.87
880,2019-01-14,29.87,32.96,29.51,32.07
881,2019-01-15,32.07,32.48,30.11,30.66
882,2019-01-16,30.66,32.15,30.64,31.3
883,2019-01-17,31.28,31.57,29.98,31.34
884,2019-01-18,31.35,31.73,30.55,30.96
885,2019-01-19,30.98,33.15,30.82,32.38
886,2019-01-20,32.37,33.08,30.2,30.76
887,2019-01-21,30.77,31.37,30.38,30.76
888,2019-01-22,30.76,32.01,29.41,31.55
889,2019-01-23,31.54,32.2,31.31,31.61
890,2019-01-24,31.6,33.13,31.08,32.54
891,2019-01-25,32.55,32.95,31.84,32.71
892,2019-01-26,32.72,34.0,32.51,32.87
893,2019-01-27,32.86,32.9,31.06,32.33
894,2019-01-28,32.33,32.33,29.81,30.61
895,2019-01-29,30.61,31.51,29.86,30.64
896,2019-01-30,30.63,31.75,30.42,31.58
897,2019-01-31,31.57,32.22,30.82,31.3
898,2019-02-01,31.31,33.21,30.57,32.69
899,2019-02-02,32.69,33.09,32.19,32.86
900,2019-02-03,32.85,34.66,32.47,33.04
901,2019-02-04,33.05,34.15,32.79,33.69
902,2019-02-05,33.7,34.15,33.26,33.94
903,2019-02-06,33.94,34.1,31.95,32.51
904,2019-02-07,32.51,33.19,32.41,32.84
905,2019-02-08,32.83,44.48,32.52,41.07
906,2019-02-09,41.08,46.01,40.99,43.84
907,2019-02-10,43.85,47.0,41.72,46.0
908,2019-02-11,46.0,46.7,41.11,42.73
909,2019-02-12,42.75,44.06,41.4,42.82
910,2019-02-13,42.82,44.5,40.24,41.24
911,2019-02-14,41.23,41.99,39.6,41.27
912,2019-02-15,41.26,44.2,40.81,41.82
913,2019-02-16,41.82,43.91,41.8,43.44
914,2019-02-17,43.46,44.44,42.06,43.16
915,2019-02-18,43.15,48.72,43.12,46.98
916,2019-02-19,46.97,48.8,46.49,47.55
917,2019-02-20,47.55,51.91,46.24,50.63
918,2019-02-21,50.63,51.4,47.52,48.11
919,2019-02-22,48.1,49.47,47.83,49.14
920,2019-02-23,49.15,51.73,48.02,51.23
921,2019-02-24,51.24,53.49,42.5,44.42
922,2019-02-25,44.42,46.89,43.2,45.55
923,2019-02-26,45.56,45.7,44.05,44.56
924,2019-02-27,44.57,45.31,42.4,44.35
925,2019-02-28,44.34,46.65,44.23,45.78
926,2019-03-01,45.75,48.7,45.26,47.63
927,2019-03-02,47.62,49.11,46.41,48.15
928,2019-03-03,48.14,48.73,47.19,47.39
929,2019-03-04,47.4,48.0,44.4,45.34
930,2019-03-05,45.34,53.98,45.3,52.28
931,2019-03-06,52.29,56.58,51.22,55.34
932,2019-03-07,55.34,58.87,53.63,56.69
933,2019-03-08,56.7,57.38,54.02,55.14
934,2019-03-09,55.14,59.0,55.0,56.74
935,2019-03-10,56.72,57.45,55.77,56.7
936,2019-03-11,56.7,56.95,53.75,54.74
937,2019-03-12,54.76,56.7,52.15,56.41
938,2019-03-13,56.42,56.46,54.12,54.91
939,2019-03-14,54.91,57.74,53.11,55.48
940,2019-03-15,55.47,58.58,55.4,57.88
941,2019-03-16,57.87,61.58,57.81,60.85
942,2019-03-17,60.85,61.04,59.38,60.39
943,2019-03-18,60.4,62.22,57.8,59.15
944,2019-03-19,59.15,59.67,58.07,58.97
945,2019-03-20,58.99,60.91,56.8,60.24
946,2019-03-21,60.25,60.4,57.2,58.46
947,2019-03-22,58.48,59.43,57.85,59.16
948,2019-03-23,59.16,61.0,58.94,60.33
949,2019-03-24,60.34,60.44,58.75,59.45
950,2019-03-25,59.46,60.25,57.82,58.5
951,2019-03-26,58.53,58.9,57.06,57.92
952,2019-03-27,57.95,61.2,57.88,60.88
953,2019-03-28,60.89,61.5,60.03,60.22
954,2019-03-29,60.21,61.38,59.81,61.15
955,2019-03-30,61.15,61.37,59.71,60.24
956,2019-03-31,60.21,60.48,59.76,60.37
957,2019-04-01,60.37,60.83,59.9,60.28
958,2019-04-02,60.27,74.06,60.17,74.06
959,2019-04-03,74.0,99.89,74.0,84.68
960,2019-04-04,84.47,90.84,73.03,84.03
961,2019-04-05,84.13,90.4,83.89,89.0
962,2019-04-06,88.99,97.88,85.31,91.94
963,2019-04-07,91.94,95.4,89.12,92.18
964,2019-04-08,92.33,94.36,86.58,88.9
965,2019-04-09,88.97,89.7,83.81,86.85
966,2019-04-10,86.75,91.99,86.29,88.26
967,2019-04-11,88.24,88.9,75.33,78.62
968,2019-04-12,78.65,81.2,75.44,79.11
969,2019-04-13,79.11,81.63,76.35,77.85
970,2019-04-14,77.9,83.5,76.5,82.87
971,2019-04-15,82.8,84.73,74.95,78.73
972,2019-04-16,78.8,81.86,77.18,80.84
973,2019-04-17,80.85,82.18,78.52,79.17
974,2019-04-18,79.14,83.9,79.0,82.28
975,2019-04-19,82.28,83.73,80.02,82.16
976,2019-04-20,82.15,83.08,79.66,81.3
977,2019-04-21,81.4,82.4,73.54,77.2
978,2019-04-22,77.2,78.3,75.4,77.56
979,2019-04-23,77.57,79.77,74.51,76.23
980,2019-04-24,76.23,76.51,70.26,72.95
981,2019-04-25,72.95,74.73,68.88,71.09
982,2019-04-26,71.23,73.5,68.88,71.14
983,2019-04-27,71.15,71.83,70.38,70.85
984,2019-04-28,70.86,70.93,66.77,67.5
985,2019-04-29,67.5,68.36,64.86,65.64
986,2019-04-30,65.63,73.89,65.56,73.88
987,2019-05-01,73.89,74.9,71.0,71.88
988,2019-05-02,71.85,73.4,71.36,72.15
989,2019-05-03,72.15,79.87,71.94,77.96
990,2019-05-04,77.96,81.5,73.5,77.33
991,2019-05-05,77.65,77.71,74.4,74.95
992,2019-05-06,74.99,76.09,70.55,74.93
993,2019-05-07,74.93,77.9,72.6,75.06
994,2019-05-08,75.05,75.51,71.31,74.36
995,2019-05-09,74.37,75.59,72.2,73.64
996,2019-05-10,73.63,79.24,72.38,77.52
997,2019-05-11,77.5,93.45,76.41,92.12
998,2019-05-12,92.2,95.99,83.0,85.1
999,2019-05-13,84.95,93.48,84.0,88.55
1000,2019-05-14,88.6,94.44,85.61,90.34
1001,2019-05-15,90.3,104.49,90.2,103.15
1002,2019-05-16,103.22,107.6,90.81,94.61
1003,2019-05-17,94.75,97.55,84.0,87.72
1004,2019-05-18,87.69,90.61,85.2,87.16
1005,2019-05-19,87.22,96.4,86.24,96.12
1006,2019-05-20,96.19,97.28,87.34,90.89
1007,2019-05-21,90.91,93.5,89.46,91.73
1008,2019-05-22,91.73,92.58,85.65,88.82
1009,2019-05-23,88.75,89.87,84.75,89.17
1010,2019-05-24,89.17,103.9,88.21,100.55
1011,2019-05-25,100.49,104.95,98.3,103.19
1012,2019-05-26,103.17,114.5,99.0,110.87
1013,2019-05-27,110.83,122.0,110.5,116.44
1014,2019-05-28,116.43,119.63,111.58,114.73
1015,2019-05-29,114.74,118.49,108.52,116.12
1016,2019-05-30,116.12,121.0,101.7,107.17
1017,2019-05-31,107.12,113.44,104.47,112.71
1018,2019-06-01,112.77,116.11,111.0,114.34
1019,2019-06-02,114.34,116.65,111.65,114.7
1020,2019-06-03,114.68,116.11,109.0,110.08
1021,2019-06-04,110.11,110.16,97.05,100.63
1022,2019-06-05,100.6,106.0,99.87,103.89
1023,2019-06-06,103.83,110.95,101.05,110.34
1024,2019-06-07,110.4,121.57,109.9,118.45
1025,2019-06-08,118.44,120.0,114.0,118.58
1026,2019-06-09,118.72,119.34,111.09,113.71
1027,2019-06-10,113.78,129.51,112.66,126.27
1028,2019-06-11,126.27,138.99,125.34,136.1
1029,2019-06-12,136.1,144.34,130.45,134.44
1030,2019-06-13,134.31,136.99,128.0,131.22
1031,2019-06-14,131.14,133.23,125.6,132.02
1032,2019-06-15,132.0,140.0,131.32,137.63
1033,2019-06-16,137.64,139.14,133.07,136.55
1034,2019-06-17,136.69,137.49,132.05,134.98
1035,2019-06-18,134.9,136.98,128.91,134.88
1036,2019-06-19,134.98,139.66,133.57,136.51
1037,2019-06-20,136.54,137.47,133.37,135.21
1038,2019-06-21,135.37,141.53,135.14,137.02
1039,2019-06-22,137.05,146.0,137.05,139.36
1040,2019-06-23,139.36,142.2,136.5,136.93
1041,2019-06-24,136.88,137.16,132.13,134.93
1042,2019-06-25,134.93,138.33,129.0,137.78
1043,2019-06-26,137.85,138.21,122.46,129.77
1044,2019-06-27,129.84,132.11,109.09,116.19
1045,2019-06-28,116.19,121.8,112.35,118.9
1046,2019-06-29,118.9,136.5,115.0,133.36
1047,2019-06-30,133.28,136.81,119.3,121.75
1048,2019-07-01,121.92,126.52,113.13,120.33
1049,2019-07-02,120.33,124.25,111.2,118.53
1050,2019-07-03,118.53,123.16,117.22,120.6
1051,2019-07-04,120.54,127.37,119.03,123.11
1052,2019-07-05,123.16,123.17,116.56,118.6
1053,2019-07-06,118.6,122.29,117.3,118.13
1054,2019-07-07,118.11,121.39,117.0,119.36
1055,2019-07-08,119.3,121.88,118.01,121.88
1056,2019-07-09,121.88,125.67,117.88,118.93
1057,2019-07-10,118.96,120.5,102.5,107.75
1058,2019-07-11,107.75,108.45,95.25,102.85
1059,2019-07-12,102.76,107.0,100.59,104.63
1060,2019-07-13,104.66,105.51,97.5,100.58
1061,2019-07-14,100.6,101.91,88.0,91.28
1062,2019-07-15,91.16,93.0,84.88,91.71
1063,2019-07-16,91.63,92.4,76.63,79.48
1064,2019-07-17,79.54,95.0,76.8,91.28
1065,2019-07-18,91.38,105.0,87.01,101.5
1066,2019-07-19,101.51,103.36,94.97,98.01
1067,2019-07-20,98.06,106.04,97.53,103.15
1068,2019-07-21,103.12,103.77,96.48,99.48
1069,2019-07-22,99.5,100.88,90.91,94.36
1070,2019-07-23,94.44,95.16,88.23,92.31
1071,2019-07-24,92.31,97.36,86.11,93.72
1072,2019-07-25,93.72,96.85,91.12,93.48
1073,2019-07-26,93.47,94.65,90.18,94.2
1074,2019-07-27,94.22,96.53,86.57,88.5
1075,2019-07-28,88.51,90.14,83.27,88.14
1076,2019-07-29,87.9,92.44,87.25,90.93
1077,2019-07-30,90.92,92.73,88.43,90.53
1078,2019-07-31,90.51,100.0,90.01,98.83
1079,2019-08-01,98.84,101.54,95.76,99.16
1080,2019-08-02,99.12,99.34,92.22,94.89
1081,2019-08-03,94.92,96.79,93.6,94.18
1082,2019-08-04,94.18,94.79,90.52,93.06
1083,2019-08-05,93.06,107.04,92.8,97.51
1084,2019-08-06,97.51,99.28,90.9,91.85
1085,2019-08-07,91.67,94.46,87.19,91.51
1086,2019-08-08,91.52,92.82,87.69,89.86
1087,2019-08-09,89.86,90.45,82.5,83.82
1088,2019-08-10,83.86,87.33,81.84,85.6
1089,2019-08-11,85.6,91.35,85.07,89.97
1090,2019-08-12,90.0,90.2,85.33,85.81
1091,2019-08-13,85.81,86.54,83.0,83.9
1092,2019-08-14,83.89,86.07,75.13,77.61
1093,2019-08-15,77.61,77.89,70.66,76.79
1094,2019-08-16,76.81,77.08,72.25,75.0
1095,2019-08-17,75.05,75.44,71.63,72.89
1096,2019-08-18,72.86,78.18,71.35,76.87
1097,2019-08-19,76.88,79.06,75.54,76.78
1098,2019-08-20,76.76,77.25,73.18,75.69
1099,2019-08-21,75.76,75.76,70.0,72.91
1100,2019-08-22,72.95,74.85,70.9,73.95
1101,2019-08-23,73.98,76.1,72.5,75.14
1102,2019-08-24,75.15,75.69,71.59,73.66
1103,2019-08-25,73.68,74.88,70.66,72.05
1104,2019-08-26,72.06,75.55,71.95,73.67
1105,2019-08-27,73.66,73.84,71.91,72.11
1106,2019-08-28,72.11,72.99,64.21,67.16
1107,2019-08-29,67.16,67.19,62.05,63.75
1108,2019-08-30,63.72,65.57,62.07,64.79
1109,2019-08-31,64.73,65.33,62.39,64.78
1110,2019-09-01,64.8,67.37,64.0,66.66
1111,2019-09-02,66.75,68.21,65.08,66.89
1112,2019-09-03,66.89,71.0,66.63,70.68
1113,2019-09-04,70.64,70.74,66.55,67.07
1114,2019-09-05,67.08,67.46,64.23,65.57
1115,2019-09-06,65.56,68.24,63.87,65.1
1116,2019-09-07,65.07,70.58,64.64,68.82
1117,2019-09-08,68.8,72.25,68.01,70.61
1118,2019-09-09,70.6,71.47,67.8,70.19
1119,2019-09-10,70.29,73.24,69.62,70.39
1120,2019-09-11,70.44,71.7,68.21,69.68
1121,2019-09-12,69.68,70.0,68.29,69.06
1122,2019-09-13,69.03,69.69,67.1,68.06
1123,2019-09-14,68.06,71.45,67.96,70.67
1124,2019-09-15,70.7,71.47,69.71,70.25
1125,2019-09-16,70.26,73.81,69.45,72.66
1126,2019-09-17,72.67,77.66,72.11,75.39
1127,2019-09-18,75.31,80.26,73.61,78.69
1128,2019-09-19,78.68,78.68,72.58,76.64
1129,2019-09-20,76.64,77.35,72.91,74.15
1130,2019-09-21,74.18,75.5,72.04,73.16
1131,2019-09-22,73.22,73.39,71.02,72.26
1132,2019-09-23,72.27,74.12,61.75,66.93
1133,2019-09-24,66.93,67.37,56.0,57.51
1134,2019-09-25,57.49,58.61,53.06,57.42
1135,2019-09-26,57.44,57.74,50.25,55.65
1136,2019-09-27,55.55,56.9,52.61,55.88
1137,2019-09-28,55.86,56.49,53.86,55.31
1138,2019-09-29,55.38,55.66,52.18,54.51
1139,2019-09-30,54.49,56.45,52.51,55.62
1140,2019-10-01,55.69,57.75,54.87,56.18
1141,2019-10-02,56.14,56.68,55.26,55.99
1142,2019-10-03,55.99,56.75,53.62,56.63
1143,2019-10-04,56.63,57.5,55.24,57.06
1144,2019-10-05,57.0,57.45,55.68,56.81
1145,2019-10-06,56.82,56.96,53.03,54.43
1146,2019-10-07,54.46,58.7,53.25,57.64
1147,2019-10-08,57.63,58.5,56.55,57.02
1148,2019-10-09,57.03,60.13,56.6,59.25
1149,2019-10-10,59.25,59.65,57.51,57.73
1150,2019-10-11,57.7,58.64,55.55,55.69
1151,2019-10-12,55.69,56.57,55.44,55.93
1152,2019-10-13,55.91,57.82,55.55,56.65
1153,2019-10-14,56.64,57.34,56.04,56.66
1154,2019-10-15,56.67,57.42,53.45,54.36
1155,2019-10-16,54.34,55.36,51.13,52.65
1156,2019-10-17,52.66,55.2,51.54,54.74
1157,2019-10-18,54.76,55.0,52.12,53.29
1158,2019-10-19,53.3,54.14,52.58,53.72
1159,2019-10-20,53.72,55.59,52.64,54.79
1160,2019-10-21,54.83,55.78,53.75,54.7
1161,2019-10-22,54.71,55.15,53.31,53.44
1162,2019-10-23,53.45,53.46,47.22,49.14
1163,2019-10-24,49.12,50.36,48.4,49.81
1164,2019-10-25,49.79,58.89,49.05,56.61
1165,2019-10-26,56.66,64.4,54.14,56.5
1166,2019-10-27,56.51,62.96,55.77,60.04
1167,2019-10-28,60.07,62.71,57.64,58.91
1168,2019-10-29,58.9,61.05,57.71,60.23
1169,2019-10-30,60.18,61.19,56.82,58.15
1170,2019-10-31,58.16,59.84,57.06,58.16
1171,2019-11-01,58.19,59.0,56.66,58.14
1172,2019-11-02,58.2,59.32,57.86,58.37
1173,2019-11-03,58.36,58.8,57.29,58.7
1174,2019-11-04,58.7,62.85,57.96,61.42
1175,2019-11-05,61.42,64.2,60.79,63.11
1176,2019-11-06,63.1,63.94,62.59,63.61
1177,2019-11-07,63.62,64.32,60.16,61.99
1178,2019-11-08,61.99,62.43,58.68,60.53
1179,2019-11-09,60.52,62.33,60.1,62.2
1180,2019-11-10,62.13,66.19,61.02,63.98
1181,2019-11-11,64.03,64.27,60.29,61.86
1182,2019-11-12,61.87,62.23,59.6,61.12
1183,2019-11-13,61.1,61.93,60.12,60.62
1184,2019-11-14,60.64,61.13,58.26,58.96
1185,2019-11-15,58.97,60.68,56.09,57.68
1186,2019-11-16,57.67,58.91,57.06,58.07
1187,2019-11-17,58.08,60.04,57.57,59.48
1188,2019-11-18,59.48,59.48,53.89,56.05
1189,2019-11-19,56.06,56.16,54.1,55.03
1190,2019-11-20,55.04,56.12,54.54,54.93
1191,2019-11-21,54.87,55.18,48.17,50.59
1192,2019-11-22,50.6,51.67,43.55,47.35
1193,2019-11-23,47.35,48.65,46.33,48.0
1194,2019-11-24,48.01,48.4,43.6,45.26
1195,2019-11-25,45.26,47.51,42.16,46.13
1196,2019-11-26,46.13,47.64,45.28,47.24
1197,2019-11-27,47.24,48.81,44.58,47.73
1198,2019-11-28,47.73,48.12,46.75,46.75
1199,2019-11-29,46.78,49.36,46.26,48.65
1200,2019-11-30,48.67,48.83,46.71,47.31
1201,2019-12-01,47.39,48.44,45.51,47.85
1202,2019-12-02,47.85,48.05,44.66,45.81
1203,2019-12-03,45.81,46.31,44.27,45.01
1204,2019-12-04,45.01,47.17,43.71,44.72
1205,2019-12-05,44.72,45.22,43.72,44.81
1206,2019-12-06,44.79,45.66,44.09,45.38
1207,2019-12-07,45.38,46.54,45.03,45.24
1208,2019-12-08,45.24,46.32,44.92,45.68
1209,2019-12-09,45.68,45.94,44.07,44.43
1210,2019-12-10,44.45,44.59,43.6,43.98
1211,2019-12-11,44.03,44.43,43.19,43.55
1212,2019-12-12,43.52,44.07,42.7,43.66
1213,2019-12-13,43.67,44.5,43.39,44.23
1214,2019-12-14,44.23,44.64,43.2,43.47
1215,2019-12-15,43.47,44.04,42.88,43.55
1216,2019-12-16,43.55,43.57,38.98,40.07
1217,2019-12-17,40.07,40.1,36.5,36.76
1218,2019-12-18,36.77,41.6,35.88,41.53
1219,2019-12-19,41.46,41.65,39.06,39.57
1220,2019-12-20,39.55,40.31,39.3,40.28
1221,2019-12-21,40.28,40.32,39.52,39.72
1222,2019-12-22,39.73,42.27,39.69,41.81
1223,2019-12-23,41.78,42.69,40.23,40.56
1224,2019-12-24,40.58,41.12,39.75,40.47
1225,2019-12-25,40.47,40.49,39.36,40.24
1226,2019-12-26,40.2,41.68,39.58,40.01
1227,2019-12-27,40.01,41.42,39.58,40.86
1228,2019-12-28,40.86,43.65,40.78,43.08
1229,2019-12-29,43.08,43.73,42.06,43.14
1230,2019-12-30,43.15,44.02,41.72,42.35
1231,2019-12-31,42.34,43.0,40.82,41.17
1232,2020-01-01,41.16,41.97,40.9,41.39
1233,2020-01-02,41.36,41.56,38.74,39.44
1234,2020-01-03,39.42,42.37,38.74,41.7
1235,2020-01-04,41.7,42.81,41.67,42.64
1236,2020-01-05,42.6,44.51,42.36,43.27
1237,2020-01-06,43.27,45.84,42.98,45.64
1238,2020-01-07,45.67,46.89,44.48,46.2
1239,2020-01-08,46.22,48.6,44.08,45.46
1240,2020-01-09,45.45,45.75,43.86,44.54
1241,2020-01-10,44.52,49.67,43.72,48.66
1242,2020-01-11,48.67,52.03,47.72,50.14
1243,2020-01-12,50.15,51.7,48.82,50.97
1244,2020-01-13,51.01,51.63,48.85,49.63
1245,2020-01-14,49.62,60.8,49.55,58.09
1246,2020-01-15,58.16,60.25,55.24,58.99
1247,2020-01-16,59.0,59.18,54.72,57.65
1248,2020-01-17,57.67,63.17,56.7,61.97
1249,2020-01-18,62.0,62.4,57.92,60.07
1250,2020-01-19,60.15,62.5,55.33,57.24
1251,2020-01-20,57.24,58.19,55.71,57.15
1252,2020-01-21,57.1,57.98,55.76,57.41
1253,2020-01-22,57.41,59.13,57.03,57.73
1254,2020-01-23,57.72,58.2,52.1,54.08
1255,2020-01-24,54.11,55.34,50.63,54.64
1256,2020-01-25,54.63,54.82,52.2,53.58
1257,2020-01-26,53.43,56.53,52.75,55.76
1258,2020-01-27,55.76,59.53,55.69,58.59
1259,2020-01-28,58.55,61.44,57.17,59.35
1260,2020-01-29,59.3,62.4,59.07,60.13
1261,2020-01-30,60.11,70.12,58.1,69.03
1262,2020-01-31,69.03,69.8,65.22,68.37
1263,2020-02-01,68.37,72.9,67.43,70.56
1264,2020-02-02,70.54,73.33,67.64,70.81
1265,2020-02-03,70.77,72.91,68.2,69.43
1266,2020-02-04,69.41,70.46,66.51,67.74
1267,2020-02-05,67.76,73.46,67.43,72.57
1268,2020-02-06,72.55,75.0,70.92,72.81
1269,2020-02-07,72.8,75.43,72.51,74.04
1270,2020-02-08,74.03,77.92,71.53,77.33
1271,2020-02-09,77.29,78.45,75.0,76.93
1272,2020-02-10,76.95,77.5,72.5,73.78
1273,2020-02-11,73.8,77.55,72.46,76.87
1274,2020-02-12,76.87,82.9,76.6,81.58
1275,2020-02-13,81.58,84.5,77.25,79.81
1276,2020-02-14,79.71,83.9,78.6,83.63
1277,2020-02-15,83.64,83.96,74.84,76.97
1278,2020-02-16,76.98,80.8,67.28,73.72
1279,2020-02-17,73.72,75.93,68.58,71.98
1280,2020-02-18,71.92,79.17,70.22,77.3
1281,2020-02-19,77.35,79.75,67.78,72.57
1282,2020-02-20,72.54,72.54,66.0,69.97
1283,2020-02-21,69.96,75.31,68.7,72.8
1284,2020-02-22,72.79,76.83,72.45,75.45
1285,2020-02-23,75.45,80.75,74.54,79.4
1286,2020-02-24,79.41,80.37,71.8,75.13
1287,2020-02-25,75.09,76.12,69.3,72.01
1288,2020-02-26,71.97,72.16,57.52,60.96
1289,2020-02-27,60.94,65.87,57.1,62.22
1290,2020-02-28,62.39,63.4,56.35,61.11
1291,2020-02-29,61.1,61.78,58.16,58.98
1292,2020-03-01,58.98,60.27,56.05,57.96
1293,2020-03-02,57.96,62.38,57.24,61.07
1294,2020-03-03,61.07,62.44,59.29,61.22
1295,2020-03-04,61.15,61.8,58.81,60.38
1296,2020-03-05,60.34,63.38,60.0,61.66
1297,2020-03-06,61.64,63.9,61.28,62.8
1298,2020-03-07,62.81,63.98,59.98,60.91
1299,2020-03-08,60.86,60.93,51.25,52.12
1300,2020-03-09,52.17,53.43,46.61,49.88
1301,2020-03-10,49.86,51.5,48.84,50.59
1302,2020-03-11,50.6,50.72,45.44,48.66
1303,2020-03-12,48.71,48.91,30.75,33.47
1304,2020-03-13,33.47,41.31,25.0,37.56
1305,2020-03-14,37.51,38.9,34.38,35.01
1306,2020-03-15,35.0,39.0,33.81,36.14
1307,2020-03-16,36.12,36.8,29.17,32.08
1308,2020-03-17,32.04,36.05,31.91,34.96
1309,2020-03-18,34.94,35.06,32.37,34.32
1310,2020-03-19,34.32,40.97,34.08,40.31
1311,2020-03-20,40.26,43.97,34.13,37.58
1312,2020-03-21,37.62,39.86,36.29,38.38
1313,2020-03-22,38.41,39.71,35.14,35.78
1314,2020-03-23,35.71,40.14,34.51,38.86
1315,2020-03-24,38.88,40.89,38.39,40.66
1316,2020-03-25,40.68,41.21,38.24,39.22
1317,2020-03-26,39.2,40.06,38.54,39.61
1318,2020-03-27,39.62,41.43,39.2,40.02
1319,2020-03-28,39.99,40.09,36.57,38.9
1320,2020-03-29,38.93,39.2,37.01,37.41
1321,2020-03-30,37.4,39.79,37.1,39.27
1322,2020-03-31,39.29,39.41,38.38,39.27
1323,2020-04-01,39.3,39.38,37.17,38.97
1324,2020-04-02,38.99,43.0,38.78,40.24
1325,2020-04-03,40.21,41.51,39.54,40.69
1326,2020-04-04,40.69,41.23,39.95,40.78
1327,2020-04-05,40.72,41.11,39.95,40.52
1328,2020-04-06,40.51,44.99,40.34,44.45
1329,2020-04-07,44.48,47.69,43.63,44.85
1330,2020-04-08,44.87,47.25,44.27,46.77
1331,2020-04-09,46.75,46.92,44.67,46.82
1332,2020-04-10,46.82,46.86,40.93,42.31
1333,2020-04-11,42.34,43.24,41.51,42.42
1334,2020-04-12,42.43,43.75,41.9,42.73
1335,2020-04-13,42.73,42.9,39.5,41.56
1336,2020-04-14,41.58,41.96,40.52,41.2
1337,2020-04-15,41.18,41.8,40.11,40.17
1338,2020-04-16,40.18,43.75,38.0,43.1
1339,2020-04-17,43.06,43.15,41.66,42.48
1340,2020-04-18,42.49,44.51,42.08,44.09
1341,2020-04-19,44.11,44.39,41.56,42.87
1342,2020-04-20,42.89,43.33,39.53,40.79
1343,2020-04-21,40.75,41.4,40.15,40.96
1344,2020-04-22,40.96,42.38,40.33,41.8
1345,2020-04-23,41.78,43.97,41.03,43.5
1346,2020-04-24,43.5,44.99,42.72,44.27
1347,2020-04-25,44.27,45.6,43.9,44.36
1348,2020-04-26,44.35,45.39,43.76,44.25
1349,2020-04-27,44.27,45.28,43.19,44.54
1350,2020-04-28,44.55,45.37,43.5,45.3
1351,2020-04-29,45.3,50.19,45.25,48.58
1352,2020-04-30,48.6,50.96,45.78,46.99
1353,2020-05-01,46.97,48.36,46.19,47.13
1354,2020-05-02,47.1,49.64,46.79,49.28
1355,2020-05-03,49.29,49.99,46.71,48.01
1356,2020-05-04,48.04,48.27,45.26,47.07
1357,2020-05-05,47.07,47.84,45.79,46.63
1358,2020-05-06,46.64,47.64,46.13,46.67
1359,2020-05-07,46.72,48.25,44.47,47.63
1360,2020-05-08,47.64,48.5,46.4,47.83
1361,2020-05-09,47.87,49.12,46.66,47.12
1362,2020-05-10,47.13,47.41,39.98,42.08
1363,2020-05-11,42.07,43.14,39.34,41.41
1364,2020-05-12,41.38,42.87,41.15,42.2
1365,2020-05-13,42.2,43.82,41.99,43.34
1366,2020-05-14,43.34,44.42,42.28,44.06
1367,2020-05-15,44.04,44.16,41.89,43.02
1368,2020-05-16,43.05,43.88,42.5,43.32
1369,2020-05-17,43.36,44.5,43.08,43.8
1370,2020-05-18,43.78,47.5,43.53,45.28
1371,2020-05-19,45.27,45.63,44.07,45.51
1372,2020-05-20,45.52,46.2,42.94,44.23
1373,2020-05-21,44.24,44.63,41.53,42.96
1374,2020-05-22,42.97,44.68,42.32,44.43
1375,2020-05-23,44.43,44.75,43.68,44.15
1376,2020-05-24,44.16,44.56,42.5,43.19
1377,2020-05-25,43.23,43.31,41.76,42.9
1378,2020-05-26,42.89,43.07,41.79,42.32
1379,2020-05-27,42.32,43.98,42.17,43.42
1380,2020-05-28,43.42,44.62,43.15,44.37
1381,2020-05-29,44.36,45.37,44.16,44.49
1382,2020-05-30,44.5,48.07,44.12,47.8
1383,2020-05-31,47.8,47.83,45.65,46.0
1384,2020-06-01,46.01,47.51,45.1,47.47
1385,2020-06-02,47.49,49.9,44.52,45.83
1386,2020-06-03,45.88,47.44,45.28,47.0
1387,2020-06-04,47.0,48.07,46.29,47.49
1388,2020-06-05,47.48,47.96,46.45,47.03
1389,2020-06-06,47.03,47.17,46.0,46.71
1390,2020-06-07,46.69,47.0,45.1,46.65
1391,2020-06-08,46.7,46.91,45.98,46.03
1392,2020-06-09,46.02,46.87,45.39,45.97
1393,2020-06-10,45.98,47.15,45.64,46.69
1394,2020-06-11,46.7,47.0,42.12,43.51
1395,2020-06-12,43.51,45.35,42.78,44.67
1396,2020-06-13,44.67,45.24,44.27,44.92
1397,2020-06-14,44.91,45.22,43.54,44.13
1398,2020-06-15,44.11,44.21,41.75,43.76
1399,2020-06-16,43.81,44.21,43.32,43.82
1400,2020-06-17,43.81,45.05,42.97,43.89
1401,2020-06-18,43.93,44.18,42.81,43.39
1402,2020-06-19,43.4,43.66,42.77,42.95
1403,2020-06-20,42.93,43.87,42.23,43.61
1404,2020-06-21,43.62,43.82,42.82,42.96
1405,2020-06-22,42.95,44.66,42.87,44.39
1406,2020-06-23,44.33,44.46,43.88,44.02
1407,2020-06-24,43.98,44.6,42.0,42.64
1408,2020-06-25,42.67,42.96,41.61,42.33
1409,2020-06-26,42.29,43.55,41.3,43.04
1410,2020-06-27,43.06,43.17,39.18,40.98
1411,2020-06-28,41.0,42.04,40.4,41.32
1412,2020-06-29,41.33,42.24,40.57,41.87
1413,2020-06-30,41.87,42.06,40.73,41.14
1414,2020-07-01,41.14,42.02,40.96,41.85
1415,2020-07-02,41.84,41.91,40.32,41.0
1416,2020-07-03,40.98,41.69,40.9,41.18
1417,2020-07-04,41.2,42.25,41.0,42.03
1418,2020-07-05,42.03,42.22,40.75,41.6
1419,2020-07-06,41.65,44.22,41.53,43.86
1420,2020-07-07,43.89,44.46,42.84,43.3
1421,2020-07-08,43.33,45.63,43.11,45.43
1422,2020-07-09,45.43,45.86,43.54,44.3
1423,2020-07-10,44.28,44.55,43.44,44.16
1424,2020-07-11,44.18,44.67,43.88,44.39
1425,2020-07-12,44.39,45.24,43.76,44.79
1426,2020-07-13,44.8,45.55,42.62,44.01
1427,2020-07-14,44.01,44.03,42.89,43.69
1428,2020-07-15,43.69,44.0,42.84,43.27
1429,2020-07-16,43.28,43.44,40.86,41.99
1430,2020-07-17,41.99,42.46,41.67,41.94
1431,2020-07-18,41.94,42.91,41.75,42.45
1432,2020-07-19,42.45,42.65,41.88,42.63
1433,2020-07-20,42.63,42.92,41.45,41.95
1434,2020-07-21,41.95,44.1,41.89,43.54
1435,2020-07-22,43.54,44.91,43.22,44.75
1436,2020-07-23,44.79,45.75,44.55,45.01
1437,2020-07-24,45.01,45.06,44.0,44.26
1438,2020-07-25,44.24,49.55,44.09,49.52
1439,2020-07-26,49.5,50.79,47.64,48.2
1440,2020-07-27,48.2,56.27,46.93,54.96
1441,2020-07-28,55.0,57.99,51.71,55.82
1442,2020-07-29,55.83,56.99,54.77,55.65
1443,2020-07-30,55.67,59.14,53.92,57.53
1444,2020-07-31,57.44,59.22,55.85,57.91
1445,2020-08-01,57.91,62.36,57.64,61.91
1446,2020-08-02,61.93,65.31,52.7,56.91
1447,2020-08-03,56.93,60.1,55.72,58.1
1448,2020-08-04,58.09,59.6,56.33,57.88
1449,2020-08-05,57.9,59.92,56.73,58.43
1450,2020-08-06,58.43,60.78,57.78,59.37
1451,2020-08-07,59.36,61.1,54.76,57.4
1452,2020-08-08,57.39,58.61,56.51,57.97
1453,2020-08-09,57.96,58.72,56.1,56.9
1454,2020-08-10,56.9,59.49,56.57,58.23
1455,2020-08-11,58.23,59.7,52.41,53.88
1456,2020-08-12,53.88,55.09,51.61,54.43
1457,2020-08-13,54.44,57.35,51.89,56.63
1458,2020-08-14,56.64,57.92,55.92,56.97
1459,2020-08-15,56.99,60.89,56.57,59.96
1460,2020-08-16,59.96,63.66,57.64,63.4
1461,2020-08-17,63.39,69.0,61.42,67.97
1462,2020-08-18,67.97,68.63,63.3,66.5
1463,2020-08-19,66.52,67.15,58.76,61.61
1464,2020-08-20,61.63,63.71,61.03,62.41
1465,2020-08-21,62.4,63.87,59.0,59.56
1466,2020-08-22,59.56,60.52,57.75,60.29
1467,2020-08-23,60.28,61.61,58.08,60.58
1468,2020-08-24,60.55,62.99,60.03,62.21
1469,2020-08-25,62.19,62.58,56.63,58.5
1470,2020-08-26,58.56,59.13,57.0,58.21
1471,2020-08-27,58.25,59.27,53.98,55.51
1472,2020-08-28,55.52,58.25,55.34,56.69
1473,2020-08-29,56.69,58.2,56.62,57.15
1474,2020-08-30,57.15,62.49,56.94,62.07
1475,2020-08-31,62.07,63.73,60.59,61.06
1476,2020-09-01,61.05,64.38,59.77,62.96
1477,2020-09-02,63.01,63.48,56.77,58.36
1478,2020-09-03,58.4,58.69,52.0,52.61
1479,2020-09-04,52.6,52.65,45.14,50.69
1480,2020-09-05,50.69,51.07,45.14,46.36
1481,2020-09-06,46.34,49.17,46.19,47.8
1482,2020-09-07,47.79,48.88,45.31,48.6
1483,2020-09-08,48.67,49.36,46.0,47.39
1484,2020-09-09,47.44,48.86,46.55,48.2
1485,2020-09-10,48.18,49.49,47.6,48.76
1486,2020-09-11,48.75,49.4,47.44,49.02
1487,2020-09-12,49.01,51.31,48.4,50.89
1488,2020-09-13,50.92,51.05,47.31,47.99
1489,2020-09-14,47.98,49.66,47.15,48.62
1490,2020-09-15,48.61,50.33,48.38,48.54
1491,2020-09-16,48.53,48.76,47.0,48.34
1492,2020-09-17,48.31,49.62,47.64,48.95
1493,2020-09-18,48.95,49.11,47.5,48.29
1494,2020-09-19,48.32,48.99,47.98,48.41
1495,2020-09-20,48.44,48.58,46.2,46.64
1496,2020-09-21,46.64,47.68,41.64,43.51
1497,2020-09-22,43.49,44.82,42.77,44.28
1498,2020-09-23,44.29,45.12,42.24,43.19
1499,2020-09-24,43.14,45.23,42.59,45.01
1500,2020-09-25,45.01,46.55,44.0,46.03
1501,2020-09-26,46.03,46.56,45.15,45.99
1502,2020-09-27,45.99,46.63,44.6,45.96
1503,2020-09-28,45.96,47.13,45.68,46.12
1504,2020-09-29,46.1,46.17,44.8,45.48
1505,2020-09-30,45.5,46.69,45.43,46.3
1506,2020-10-01,46.29,48.49,45.28,46.03
1507,2020-10-02,46.03,46.96,43.25,44.86
1508,2020-10-03,44.92,46.0,44.77,45.77
1509,2020-10-04,45.78,47.07,45.31,46.61
1510,2020-10-05,46.61,47.09,45.55,46.12
1511,2020-10-06,46.16,48.22,45.55,45.74
1512,2020-10-07,45.72,46.92,45.03,46.59
1513,2020-10-08,46.58,47.49,45.5,47.24
1514,2020-10-09,47.22,48.22,46.61,47.94
1515,2020-10-10,47.94,50.48,47.75,49.28
1516,2020-10-11,49.28,51.25,48.46,50.51
1517,2020-10-12,50.47,51.55,49.29,51.28
1518,2020-10-13,51.27,51.29,48.86,50.01
1519,2020-10-14,50.05,51.04,49.29,49.78
1520,2020-10-15,49.77,50.26,48.88,49.46
1521,2020-10-16,49.44,49.9,45.64,47.68
1522,2020-10-17,47.68,47.71,46.34,46.75
1523,2020-10-18,46.75,47.98,46.72,47.53
1524,2020-10-19,47.5,48.48,46.6,48.11
1525,2020-10-20,48.13,48.46,46.45,47.1
1526,2020-10-21,47.1,55.19,46.79,54.57
1527,2020-10-22,54.56,56.32,52.76,54.55
1528,2020-10-23,54.58,57.04,53.16,55.46
1529,2020-10-24,55.47,59.67,54.91,58.84
1530,2020-10-25,58.83,59.99,56.56,58.52
1531,2020-10-26,58.5,59.35,55.0,56.87
1532,2020-10-27,56.88,59.1,56.51,57.77
1533,2020-10-28,57.75,60.9,54.71,55.52
1534,2020-10-29,55.54,56.55,53.44,54.58
1535,2020-10-30,54.54,55.81,52.27,54.06
1536,2020-10-31,54.06,56.5,53.65,56.11
1537,2020-11-01,56.13,56.2,54.11,55.54
1538,2020-11-02,55.57,56.85,53.12,53.85
1539,2020-11-03,53.86,54.4,51.25,53.75
1540,2020-11-04,53.75,55.34,51.65,54.89
1541,2020-11-05,54.85,59.79,54.51,59.44
1542,2020-11-06,59.49,63.2,58.73,61.77
1543,2020-11-07,61.8,64.87,56.98,59.4
1544,2020-11-08,59.42,62.07,58.68,61.0
1545,2020-11-09,60.96,61.88,57.45,58.75
1546,2020-11-10,58.83,59.63,57.12,58.28
1547,2020-11-11,58.29,60.63,57.87,59.5
1548,2020-11-12,59.47,60.56,57.7,59.33
1549,2020-11-13,59.3,66.66,59.13,65.88
1550,2020-11-14,65.89,66.34,61.74,63.44
1551,2020-11-15,63.43,64.5,61.08,62.27
1552,2020-11-16,62.3,72.68,62.16,71.66
1553,2020-11-17,71.72,77.0,71.48,76.46
1554,2020-11-18,76.49,77.18,68.34,74.11
1555,2020-11-19,74.09,83.5,71.53,81.82
1556,2020-11-20,81.8,85.92,80.17,82.43
1557,2020-11-21,82.34,88.56,80.54,85.6
1558,2020-11-22,85.65,88.0,78.0,85.82
1559,2020-11-23,85.83,90.98,80.8,88.61
1560,2020-11-24,88.59,94.05,85.84,88.4
1561,2020-11-25,88.4,90.74,81.0,82.95
1562,2020-11-26,82.87,83.26,64.3,71.0
1563,2020-11-27,71.01,73.58,65.28,68.42
1564,2020-11-28,68.44,75.0,68.38,73.32
1565,2020-11-29,73.25,81.21,71.64,79.55
1566,2020-11-30,79.57,88.53,76.75,87.84
1567,2020-12-01,87.84,93.0,79.84,86.37
1568,2020-12-02,86.4,90.63,82.79,88.8
1569,2020-12-03,88.82,91.35,85.54,88.88
1570,2020-12-04,88.87,89.9,78.01,78.61
1571,2020-12-05,78.62,84.33,78.53,81.98
1572,2020-12-06,81.99,85.26,80.36,82.42
1573,2020-12-07,82.57,86.89,81.75,83.34
1574,2020-12-08,83.34,84.93,75.73,75.91
1575,2020-12-09,75.87,78.24,72.15,77.84
1576,2020-12-10,77.79,78.13,73.1,75.34
1577,2020-12-11,75.35,75.5,69.94,72.95
1578,2020-12-12,72.93,77.65,71.86,76.92
1579,2020-12-13,76.95,84.34,75.63,81.85
1580,2020-12-14,81.83,82.99,79.15,82.11
1581,2020-12-15,82.13,85.0,80.38,81.73
1582,2020-12-16,81.69,92.97,78.43,92.07
1583,2020-12-17,92.08,110.0,90.44,103.29
1584,2020-12-18,103.28,112.92,99.28,108.23
1585,2020-12-19,108.3,124.4,105.5,121.82
1586,2020-12-20,121.88,123.19,109.85,114.22
1587,2020-12-21,114.46,118.87,100.65,107.24
1588,2020-12-22,107.32,113.68,98.31,112.19
1589,2020-12-23,112.19,117.32,95.28,104.56
1590,2020-12-24,104.58,110.46,98.68,110.29
1591,2020-12-25,110.29,125.0,108.24,123.8
1592,2020-12-26,123.79,135.0,123.72,128.68
1593,2020-12-27,128.61,139.3,121.55,128.05
1594,2020-12-28,128.0,136.99,126.21,129.21
1595,2020-12-29,129.14,131.23,120.0,126.26
1596,2020-12-30,126.36,132.89,122.6,127.64
1597,2020-12-31,127.65,130.35,122.0,124.35
